codbarra,produto,preco,categoria
7898956544654,"4G FOLIC 0,355 MCG ACIDO FOLICO",52.01,MEDICAMENTOS ETICOS   
7896181911999,ALENIA 12+400MCG CAP DURA PO INAL CT FR X 60+INAL,135.51,MEDICAMENTOS ETICOS   
7896181911784,ALENIA 12+400MCG CAP DURA PO INAL CT FR X 60 REFIL,107.52,MEDICAMENTOS ETICOS   
7893454147581,DES.BANHO BANHO ROLLON CLASS FR 55ML,8.10,PERFUMARIA            
7893454147598,DES.BANHO BANHO ROLLON OCEAN FR 55ML,8.13,PERFUMARIA            
7893454147604,DES.BANHO BANHO  ROLLON SEM / PERF FR 55ML,8.18,PERFUMARIA            
7897917003520,BOLDO BELFAR CX 60 FLAC X 10ML,214.19,MEDICAMENTOS SIMILARES
7897917003513,BOLDO BELFAR CX 12 FLAC X 10ML,48.19,MEDICAMENTOS SIMILARES
7897947604582,CALAMED LOCAO FR 100ML,21.11,MEDICAMENTOS SIMILARES
7891106913935,CICLOPRIMOGYNA C/21 DRG,12.26,MEDICAMENTOS ETICOS   
7898495606042,CLARICURE BG CREME 60G,40.34,MEDICAMENTOS SIMILARES
7896015520380,CLAVULIN 500MG CX 30 COMP,209.80,MEDICAMENTOS ETICOS   
7896672201691,CLENIL NASAL SPRAY 15ML,50.15,MEDICAMENTOS ETICOS   
7898495601474,CLINARA OLEO HIDRATANTE FR 100ML,48.23,MEDICAMENTOS SIMILARES
7898495601481,CLINARA OLEO HIDRATANTE FR 200ML,80.50,MEDICAMENTOS SIMILARES
7898158697073,CLINERIZE ENX BUCAL FR 300ML SB MENTA/HORTELA,15.11,MEDICAMENTOS SIMILARES
7898495601412,CLINERIZE ENX BUCAL CUID TOTAL 6 EM 1 FR 300ML SB HORT,15.19,MEDICAMENTOS SIMILARES
7896862920319,COMPLEXO B CX 50 DRG,35.05,MEDICAMENTOS SIMILARES
7897732600089,DIPIDOR 500MG SOL OR FR GTS 10ML,5.14,MEDICAMENTOS SIMILARES
7893454137025,ESMALFORT FR 8ML (+22% IPI),24.18,MEDICAMENTOS SIMILARES
7896094912595,ESTOMAZIL PAST MAST C/10 LIMAO,5.93,MEDICAMENTOS ETICOS   
7896472503544,GINKOLAB 120MG CX 30 COMP,74.14,MEDICAMENTOS SIMILARES
7898100243570,GRIPALCE 4 CAP,3.03,MEDICAMENTOS SIMILARES
7898495606851,HETOX FLAC 10ML,3.07,MEDICAMENTOS SIMILARES
7896622302317,HIDRAPLUS SOLUCAO FRAMB 2X25ML,14.68,MEDICAMENTOS SIMILARES
7897732609105,INGLESA SOBRAL SOL OR CX 12 FR 430ML+CM,27.85,MEDICAMENTOS SIMILARES
7898495605076,LISOTOX FLAC 10ML,3.33,MEDICAMENTOS SIMILARES
7896802502452,MALVOL SOLUCAO 100ML,10.27,MEDICAMENTOS ETICOS   
7896622303802,METRONIDAZOL+NISTATINA 100MG+20000UI CREM VAG BG 50G+10APLIC,32.37,MEDICAMENTOS GENERICOS
7898168731965,NARCARICINA 100MG CX 30 COMP,38.26,MEDICAMENTOS SIMILARES
7891058019099,NOVALGINA 500MG C/4 COMP,5.10,MEDICAMENTOS ETICOS   
7898948648391,OGESTAN ANTIESTRIAS BG DE 200G,142.84,MEDICAMENTOS ETICOS   
7898172355836,OLEO DE LINHACA 1000MG 120 CAPS,72.35,MEDICAMENTOS SIMILARES
7896472500109,OLEO MINERAL FR 100ML,20.16,MEDICAMENTOS SIMILARES
7898014565249,PANTOCLER CX 12 FLAC SB ABACAXI,35.87,MEDICAMENTOS SIMILARES
7898495609036,PROBENTOL DERMA HAIR SPRAY FR PET 50ML,29.53,MEDICAMENTOS SIMILARES
7898495603966,PROBENTOL DERMA BG X 20G,20.12,MEDICAMENTOS SIMILARES
7891317497842,"PROSSO 250+2,5MG CX 30 COMP",86.65,MEDICAMENTOS ETICOS   
7893454136981,SENSIPEL FR X 100ML (+22% IPI),14.68,MEDICAMENTOS SIMILARES
7893454136974,SENSIPEL FR X 250ML (+22% IPI),33.65,MEDICAMENTOS SIMILARES
7896009400049,SENSODYNE CREME DENTAL ORIGINAL BG 50G,10.10,MEDICAMENTOS ETICOS   
7897129304149,SOLIALE GEL CREME FPS 50 BISN. COM 50 G,75.33,MEDICAMENTOS ETICOS   
7897732604865,SPEKLIV 2% 100 ML + COP MED X 10ML,22.19,MEDICAMENTOS SIMILARES
7896622300849,TONICO BLUMEN FR 500ML,23.62,MEDICAMENTOS SIMILARES
7898100243945,TYFLEN 750MG C/10 COMP,5.57,MEDICAMENTOS SIMILARES
7891010249267,TYLENOL DC 500MG 4 COMP REV,5.68,MEDICAMENTOS ETICOS   
7896094208704,UMIDITA GESTANTE FR 200ML,67.01,MEDICAMENTOS ETICOS   
7898495604987,UREMAX 10 FRASCO PLASTICO 150G,30.17,MEDICAMENTOS SIMILARES
6971770048278,VAC ADS DIFT+TETANO E PERTUSSIS- ACELULAR -AD 1FR X 1 DOSE X,141.60,MEDICAMENTOS ETICOS   
7896523207735,CIMEGRIPE DIA C/10 CP,13.20,MEDICAMENTOS SIMILARES
7891010607135,ABS SEMP LIV NOTURNO C/ 16 UNIDACDES,18.05,PERFUMARIA            
7897947607842,ACNEZIL KIT C/3 ITENS,50.30,MEDICAMENTOS SIMILARES
7896089500240,AGUA LINDOYA VERAO 240ML,1.58,VAREJINHO             
7898042157461,ALCACHOFRA C/ 60 CAPSULAS,23.43,
7898906459052,ALGODAO APOLO 50GRAMAS,3.47,VAREJINHO             
7898136150279,ALGODAO NATHALYA 50G,4.19,PERFUMARIA            
7898042159519,AMORA MIURA 500ML,17.10,MEDICAMENTOS SIMILARES
7898172860071,ATAD CREPE NEVE 20CM,9.54,VAREJINHO             
7898172860057,ATADURA 12CM NEVE,5.41,VAREJINHO             
7896438200296,BCAA 2400MG 60 TABLETES PROB,55.26,VAREJINHO             
7898276061282,BCAA  C/ 60 TABLETS,73.20,MEDICAMENTOS SIMILARES
7898042159991,BERINJELA  C/ 60 CAPS,25.42,MEDICAMENTOS SIMILARES
7896902223486,CARBONATO DE CALCIO 40G FARMAX,6.22,VAREJINHO             
7898483530878,CHA VERDE 220G UNILIFE,30.44,MEDICAMENTOS SIMILARES
7891301018435,CHUPETA BABYGO 1843,11.36,PERFUMARIA            
7891301018459,CHUPETA BABYGO 1845,11.19,PERFUMARIA            
7798140251934,CICATRICURE BEAUTY CARE 50 GRAMAS,37.12,MEDICAMENTOS ETICOS   
7898483537402,"CLORETO DE MAG . P,A. 33 GR.",7.09,MEDICAMENTOS SIMILARES
7898483537365,COENZIMA COQ-10 100MG C/60CPS,65.24,MEDICAMENTOS SIMILARES
7898852740051,COLAGENO 500MG C/120CPS,34.22,MEDICAMENTOS SIMILARES
7898172357762,CREATINA 500MG C/ 120CAPS,49.01,MEDICAMENTOS SIMILARES
7898483533305,CREATINA PO  200 GRAMAS,37.38,MEDICAMENTOS SIMILARES
7898483533312,CREATINA UNILIFE-500MG C/180,64.06,VAREJINHO             
7899470803067,EPALIV 150ML NATULAB,46.56,MEDICAMENTOS SIMILARES
7898060039008,"ESPARADRAPO 25MM X0,9M SANFARMA",3.28,VAREJINHO             
7896877601449,FD GERIATRICA SUAVIDADE M,44.47,PERFUMARIA            
7896877600589,FD TOQUINHO ECONOMICO TAM M,49.27,PERFUMARIA            
7896877600602,FD TOQUINHO EG C/70,49.33,PERFUMARIA            
7896877600596,FD TOQUINHO PACOTAO G C/80,49.14,PERFUMARIA            
7898042153814,CHA DA  VIDA  60 CAPSULAS,25.02,MEDICAMENTOS SIMILARES
7898566781463,GEL LIPO REDUTOR MARY LIFE,25.10,MEDICAMENTOS SIMILARES
047400179660,CARGA GILLETE MACH 3 C/4 UNI,38.24,PERFUMARIA            
7991801800841,GINSENG COREANO / 60 CAPSULAS,30.36,MEDICAMENTOS SIMILARES
7897214700016,GRAMPOS DARMA C/100 N 5,5.59,PERFUMARIA            
7898157301308,INALADOR ULTRASSONICO MD 3000,270.08,VAREJINHO             
7898133130281,IODENAX 20MG/ML XP 100ML,18.84,VAREJINHO             
7896061951015,LENCO PAPEL SOFTYS C/ 75,5.23,PERFUMARIA            
7896108006104,LIPOFIM 1000 C/90,109.22,MEDICAMENTOS SIMILARES
7891010800543,LISTERINE 500ML WHITENING,17.20,PERFUMARIA            
7897000800548,"LYSOFORM ORIGINAL,1000ML",14.64,VAREJINHO             
7897000800180,LYSOFORM BRUTO SUAVE ODOR 500ML,7.99,PERFUMARIA            
7898483533237,MALTO DEXTRINA 1 KL-TANGERINA,30.44,MEDICAMENTOS SIMILARES
7898483531011,MALTO DEXTRINA 1 KL GUAR/ACAI,29.98,MEDICAMENTOS SIMILARES
7898183120089,MENOPAX C/60CPS,25.45,MEDICAMENTOS SIMILARES
7899470805658,NASOJET MARIS 100ML BABY,41.00,VAREJINHO             
7896641810213,NEOSALDINA C/1,1.48,
7891010510961,NEUTROGENA  SUN FRESH FPS 15,27.15,PERFUMARIA            
7898216367351,PASTA DAGUA CALAMINA 80G,20.35,MEDICAMENTOS SIMILARES
041333001005,PILHA DURACELL AA C/2,9.41,PERFUMARIA            
041333666792,PILHA DURACELL AAA  8+4 PALITO,30.43,PERFUMARIA            
041333665665,PILHA DURACELL C/ 4 UNI,14.08,VAREJINHO             
041333000992,PILHA DURACELL C2 COM 2 UNIDADES,24.47,VAREJINHO             
7896006212201,PROCTS H 20G UQ,51.99,MEDICAMENTOS SIMILARES
7991801801367,QUITOSANA CAPS C/ 60CAPS,34.08,VAREJINHO             
7898483533169,RETINOL A 500MG C/ 60CAPS,32.26,MEDICAMENTOS SIMILARES
7898483537495,SAL ROSA DO HIMALAIA 250G,26.21,MEDICAMENTOS SIMILARES
7896830000784,TALCO MENTOLADO 35G ADV,3.76,VAREJINHO             
7899828211261,TERMOMETRO FIGITAL INCOTERM PEQ,20.13,VAREJINHO             
7898226050076,TERMOMETRO MEDFEBRE OVAL MERCURIO,17.49,VAREJINHO             
7896788000126,TIRA LEITE SANITY TRADICIONAL,44.24,PERFUMARIA            
7898852740068,TRIBULUS TERRESTRIS 500MG 100C,30.09,MEDICAMENTOS SIMILARES
78900806,VALDA TABLETE 4G,0.69,VAREJINHO             
78904231,"VALDA -XILITOL 3,5 GRAMAS",2.02,VAREJINHO             
3337872414527,ANTHELIOS XL 70 FPS  50ML,57.42,PERFUMARIA            
7898622840066,FD SONHO DE BEBE  TAM.M C/24,11.62,PERFUMARIA            
7898622840080,FD SONHO DE BEBE TAM .EG / 20 UN,11.61,PERFUMARIA            
7898622840035,FD SONHO DE BEBE TAM.G C/ 80,43.24,PERFUMARIA            
7898902180554,ULTRASEPT KIT 360ML120ML ES,46.19,MEDICAMENTOS SIMILARES
7896108008870,MEGAPOLI 90+10 COMP.,62.27,VAREJINHO             
7898955522646,REIDRALYTE SACHE UVA 29GR,22.46,MEDICAMENTOS SIMILARES
7898955522349,REIDRALYTE SOL SB UVA 450ML,18.25,MEDICAMENTOS SIMILARES
7896230302044,AZUL DE METILENO 30ML C 6 ADV,4.50,VAREJINHO             
7899732100446,MINOTAURO 300G,99.44,MEDICAMENTOS SIMILARES
7991801800568,CACTINEA 60 CAPS,32.31,MEDICAMENTOS SIMILARES
7898937898554,CHROMIUM PICOLINATE C/100CAPS,37.36,MEDICAMENTOS SIMILARES
7898172355706,PICOL.CROMO 250MG C/ 100 CAPS,35.24,MEDICAMENTOS SIMILARES
7898622840127,FD SONHO DE BEBE MINI C/ 6,4.55,PERFUMARIA            
7898622840110,FD SONHO DE BEBE MINI C/ 7,4.80,PERFUMARIA            
7898622840103,FD SONHO DE BEBE MINI C/ 8,4.55,PERFUMARIA            
7898622840165,FD SONHO DE BEBE JUMBO C/ 40,24.12,PERFUMARIA            
7899706138352,ANTHELIOSXL PROTECT 40GR,53.95,PERFUMARIA            
7891010814977,HID NEUTR NORWEG ANTI-IDADE P/,43.32,PERFUMARIA            
742832304764,BACIDERMINA PDA 10GRS GREENPHARM,10.10,MEDICAMENTOS SIMILARES
7898994475125,FAST TEST TIRA,23.23,MEDICAMENTOS SIMILARES
7898994475118,FAST TEST PLUS,23.44,MEDICAMENTOS SIMILARES
7898946058277,ARNICA SPORT GEL 200ML,15.38,MEDICAMENTOS SIMILARES
7501210193610,PRE TREINO 120 CAPS,45.38,MEDICAMENTOS SIMILARES
7506339391329,FRALDA PAMPERS TAM G SUPERSEC,26.00,PERFUMARIA            
7506339391305,FRALDA PAMPERS TAM P SUPERSEC,26.46,PERFUMARIA            
7506339391312,FRALDA PAMPERS TAM P,26.38,PERFUMARIA            
7898193587247,FRALDA FEROZ CONFORT PLUS TAM G,11.28,PERFUMARIA            
7898193587230,FRALDA FEROZ CONFORT PLUS TAM M,11.07,PERFUMARIA            
7898193587254,FRALDA  FEROZ CONFORT PLUS EG,11.41,PERFUMARIA            
7896007546763,FRALDA TURMA DA MONICA TAM G,25.21,PERFUMARIA            
7896230300286,ALCOOL 70%,4.67,VAREJINHO             
7896902211858,VASELINA SOLIDA  70GRAMAS,13.47,VAREJINHO             
7896902211780,VASELINA LIQUIDA  100ML,5.86,VAREJINHO             
7898157300080,BENGALA C/ REGULAGEM BRONZE,65.45,VAREJINHO             
7898363333193,ALCOOL ETILICO 70% 1000ML,10.17,VAREJINHO             
076660008649,FIXODENT 39 GR,35.04,VAREJINHO             
076660008663,FIXODENT ORIGINAL 68G,35.35,VAREJINHO             
7896354901727,AÇUCAR MASCAVO 1KL,19.55,MEDICAMENTOS SIMILARES
7898152460512,ARNICA MONTANA SOLUCAO ORAL 30ML,36.38,MEDICAMENTOS SIMILARES
7898298360080,CAPIM CIDREIRA 10 ENVELOPES,4.89,MEDICAMENTOS SIMILARES
7898298360097,CARQUEJA  CHA 10 ENVELOPES,4.90,MEDICAMENTOS SIMILARES
7898298360356,CHA PRETO 10 ENVELOPES,4.74,MEDICAMENTOS SIMILARES
7898298360653,CHA PRETO C/ GENGIBRE E CANELA,4.64,MEDICAMENTOS SIMILARES
7898298360127,BOLDO CHA  10ENVELOPES,4.61,MEDICAMENTOS SIMILARES
7898298360226,GENGIBRE CRAVO E CANELA,5.11,VAREJINHO             
7896653707679,BOLINHA DOCE DE LEITA C/ COCO,10.29,MEDICAMENTOS SIMILARES
7898483531851,MACA  PERUANA 120 CAPS,64.18,MEDICAMENTOS SIMILARES
7898917294666,MACA 60CAPS,32.01,MEDICAMENTOS SIMILARES
7898905356567,OLEO DE COCO 200ML,28.12,PERFUMARIA            
7898483530694,FLOR DE HIBISCO 100GRAMAS,18.32,MEDICAMENTOS SIMILARES
7898937898493,COLGENO SABOR FRUTAS,49.27,MEDICAMENTOS SIMILARES
7899468504907,MAGNESIO DIMELATO,47.06,MEDICAMENTOS SIMILARES
7898909332734,ALGODAO USER 25 GRAMAS,3.32,PERFUMARIA            
7898172356116,OMEGA 3 C/ 120 CAPS,50.16,MEDICAMENTOS SIMILARES
7898483533107,BIOTINA B7 C/ 60 CAPS,37.11,MEDICAMENTOS SIMILARES
7898909332123,CURATIVOS UDER  C/ 10,3.29,PERFUMARIA            
7898157492501,MANTEIGA DE CACAU,2.65,PERFUMARIA            
7898909332345,LENÇO UMEDECIDOS C/ 70 UNIDADES,3.03,PERFUMARIA            
7898909332956,USER IT CURATIVOS C/ 35 UNIDADES TRANSPARENTE,6.30,PERFUMARIA            
7898909332130,USER ITS CURATIVOS C/ 35 UNIDADES COR DA PELE,5.07,PERFUMARIA            
7898483538027,OMEGA BROTHERS 1000 MG C/ 180 CAPS,65.15,MEDICAMENTOS SIMILARES
7899621800006,MULTI OMEGA C60 CAPS,52.41,MEDICAMENTOS SIMILARES
7898172355553,MAXX CARNITINE C 60 CAPS,56.48,MEDICAMENTOS SIMILARES
8801038575186,APAR. CONFORT LAMIX,5.05,PERFUMARIA            
070330731806,APAR BIC SOLEIOL,9.27,PERFUMARIA            
070330728509,APAR BIC SENSITIVE PCT  C/ 7 UNIDADES,10.16,PERFUMARIA            
7898483533329,BCAA C/180 CAPS,55.10,MEDICAMENTOS SIMILARES
7991801800469,CLORETO DE MANESIO P.A. C/ SUCUPIRA,33.13,MEDICAMENTOS SIMILARES
7898937898257,OLEO DE CARTAMO C/ 60 CAPS,40.16,MEDICAMENTOS SIMILARES
7896193216037,FITA P/ FRALDA ADERFRALDA BRANCA,6.42,PERFUMARIA            
7897214700023,GRAMPO DARMA N 5,6.06,PERFUMARIA            
7898909332871,LENÇO UMDECIDOS REFIL USER IT C/ 400UNIDADES,10.98,PERFUMARIA            
7898909332970,LENÇO UMDECIDOS REFIL USER IT C/ 100 UNIDADES,13.08,PERFUMARIA            
7896939807086,LIXA CHARMOSA 708,7.02,PERFUMARIA            
7898509766335,GEL ANTISEPTICO  70ML,8.03,PERFUMARIA            
7898314190110,ALCOOLGEL HI CLEAN 500ML ALGAS,28.22,PERFUMARIA            
7898314190103,ALCOOL HI CLEAN GEL 70ML ALGAS,10.35,PERFUMARIA            
7896939851072,BUCHA DE NYLON RAFAINI,5.85,PERFUMARIA            
7891060846379,TESOURA P/UNHA MUNDIAL (BEBE),10.37,PERFUMARIA            
7898940257690,PROTETOR DE CERDAS C/ 4 UNIDADES,6.57,PERFUMARIA            
7896381300227,MAMADEIRA PITUCA 240ML,13.08,PERFUMARIA            
7896381300753,CHUPETA PITUCA REF:811RS,8.65,PERFUMARIA            
7896381300746,CHUPETA PITUCA REF:811AZ,8.67,PERFUMARIA            
7896381300876,CHUP SUPER ORTO TRITAN PITUCA,7.04,PERFUMARIA            
7896381300708,CHUPETA PITUCA REF:981AZ,10.26,PERFUMARIA            
7896675908641,DEO COLONIA ALFAZEMA 120ML,11.83,PERFUMARIA            
7896279114691,COND. MURIEL PROGRESSIVA CASEIRA 300ML,16.04,PERFUMARIA            
7896092000010,DES. DAP CREME 55 GR,12.34,PERFUMARIA            
7896092000072,DES. DAP ROLL -ON 55ML,14.16,PERFUMARIA            
7897158724611,KIT SH+COND.GOTISSIMA ALGA MARINHAS,12.38,PERFUMARIA            
7897158724635,KIT SH+COND.GOTISSIMA CONFREI SERENO,12.36,PERFUMARIA            
7897158724604,KIT SH+COND.GOTISSIMA GOTAS DE ALFAZEMA,12.35,PERFUMARIA            
7897158724642,KIT SH+COND.GOTISSIMA ORVALHO DE JOJOBA,12.29,PERFUMARIA            
7896279114721,LEAVEIN MURIEL ESCOV. PROG.CASIRA FINALIZADOR,8.35,PERFUMARIA            
7896279114653,DEITA CABELO MASCARAMEG. HIDRATANTE,16.31,PERFUMARIA            
7896279114707,MASC  INTES. PROGRES. CASEIRA 300 GR,16.08,PERFUMARIA            
7896279114714,MASC  INTES. PROGRES. CASEIRA 500 GR,18.01,PERFUMARIA            
7896279114660,MASC.MEGA HIDRAT.DEITA CABELO 500 GR,18.35,PERFUMARIA            
7891176111064,NEUTROX 230ML,6.25,PERFUMARIA            
7896902211407,VASELINA 250GR,4.81,PERFUMARIA            
7897000800807,SAB LYSOFORM 90 GRAMAS,2.63,PERFUMARIA            
7897947610965,BABYMED AMENDOAS 40GRAMAS,11.13,
7896108008849,CALCIO -FORT500+D C/ 70 COMP.,50.28,MEDICAMENTOS SIMILARES
7896108009778,BIOMASTER,40.40,MEDICAMENTOS SIMILARES
7898042151148,CIRCULATORIO COMPOSTO C/60 CAPS,23.29,MEDICAMENTOS SIMILARES
07898257952301,SECA BARRIGA GOJI +ACAI C/ 120 CAPS,32.30,
7898852740037,VALERIANA C/ 120 CAPS,25.13,MEDICAMENTOS SIMILARES
7898483537778,MACA PERUANA PREMIUM C/ 120 CAPS,66.15,MEDICAMENTOS SIMILARES
7898852740136,CASTANHA DA INDIAC/ 120 CAPS,22.16,MEDICAMENTOS SIMILARES
7898172354686,COLAGENO GEMAXX 300 C/ 120 CAPS,50.44,MEDICAMENTOS SIMILARES
8547265494844,SUCUPIRA  C/ 120 CAPS,31.27,MEDICAMENTOS SIMILARES
7898283812945,FD GER DESCARPACK TAM. EG C/ 8 UNIDADES,11.18,PERFUMARIA            
7898283812938,FD GER DESCARPACK TAM. G  C/ 8 UNIDADES,12.01,PERFUMARIA            
7898483533244,MALTO DEXTRINA 1 KL LIMAO,30.29,MEDICAMENTOS SIMILARES
7898172350626,VITAMINA D 3 C/ 60 CAPS,37.02,MEDICAMENTOS SIMILARES
7898917294130,OSTEO PROCALCIUM D3 C/90 CAPS,39.31,MEDICAMENTOS SIMILARES
7898937898158,OMEGA 3 C/60 CAPS,31.02,MEDICAMENTOS SIMILARES
7898483533060,COLECALCIFEROL D 5MCG C/ 60 CAPS,34.10,MEDICAMENTOS SIMILARES
381519181399,HIDRAT. CAPILAR AUSSIE 236 ML,25.17,PERFUMARIA            
381519022876,COND. AUSSIE SMOOTH 400ML,30.23,PERFUMARIA            
7898937898455,COLAGENO C/ 60 CAPS,29.00,MEDICAMENTOS SIMILARES
7891268400304,ANT LISTER COOL CITRUS 250ML,13.04,PERFUMARIA            
7891268400052,ANT LISTER FRESH BURST 250ML,12.09,PERFUMARIA            
7891010586461,ANT LISTER ZERO MENTA VERDE 250M,10.34,PERFUMARIA            
7898958540012,PASTA INTEGRAL DE AMENDOIN 1 KL,28.42,MEDICAMENTOS SIMILARES
7898136150224,ALGODAO NATHALYA 50 GRAMAS,4.53,PERFUMARIA            
7898136150118,ALGODAO NATHALYA 25 GRAMAS,2.55,PERFUMARIA            
7898136150286,ALGODAO NATHY 100 GHRAMAS GRAMAS,6.48,PERFUMARIA            
7896523210414,CIMEGRIPE CHA  5 GRAMAS,2.40,MEDICAMENTOS SIMILARES
7899470805221,UNHAGOLD 30ML,50.22,MEDICAMENTOS SIMILARES
7896230301078,ARNICA GEL 30G  ADV,21.56,MEDICAMENTOS SIMILARES
7898277712695,ARNICA CREME 60G ARTE NATIVA,15.09,MEDICAMENTOS SIMILARES
7898910606022,ARNICA GEL MASSAGEADOR 200 GRAMAS,9.06,MEDICAMENTOS SIMILARES
4005808719273,DES.NIVEA ROLL-ON STRESS PROTECT,7.47,PERFUMARIA            
4005808257621,DES.NIVEA ROLL-ON  SENSITIVE PROTECT,7.60,PERFUMARIA            
4005808257720,DES.NIVEA ROLL-ON DOUBLE EFFECT,7.89,PERFUMARIA            
4005808719280,DES.NIVEA ROLL-ON STRESS PROTECT,7.88,PERFUMARIA            
7891055621028,ESCOV / CABELO CONDOR BLACK COLOR,15.17,PERFUMARIA            
7891055695609,ESCOV / CABELO CONDOR BELISSIMA,17.49,PERFUMARIA            
7891055696507,ESCOV / CABELO CONDOR SHANA,17.38,PERFUMARIA            
7892940000218,DES. PLAYBOY VIP 150ML,8.12,PERFUMARIA            
7892940000201,DES. PLAYBOY SEXY 150ML,8.15,PERFUMARIA            
7891060906066,ALICATE MUNDIAL CABO PLASTICO,8.06,PERFUMARIA            
7702018283231,GILLETE FUSION PROGLIDE,60.16,PERFUMARIA            
7791293022536,DES.REXONA SENSITIVE,15.49,PERFUMARIA            
650240012914,ASEPXIA GEL CAMUFLAGEM/ SECATIVO,29.13,MEDICAMENTOS ETICOS   
650240012778,ASEPXIA GEL SECATIVO TRANSPARENTE,28.98,MEDICAMENTOS ETICOS   
7898415441326,CASEX ALL GEL 85 GRAMAS,69.12,MEDICAMENTOS ETICOS   
7501001133306,HEAD & SHOULDERS HIDRATACAO 400ML,19.27,PERFUMARIA            
7500435112130,HEAD & SHOULDERS REMOCAO OLEOSIDADE 400ML,20.19,PERFUMARIA            
7899706113229,ELSERVE CREME /PENTEAR ARGININA 250 ML,9.29,PERFUMARIA            
7891010991029,O.B ABS MEDIO C/ 20 UNIDADES,12.31,PERFUMARIA            
650240013676,CICATRICURE GEL 30 GRAMAS,48.27,MEDICAMENTOS ETICOS   
7897000800760,LYSOFORM SPRAY,42.41,PERFUMARIA            
7896523219172,XO INSETO POS PICADA CREME 280 GRAMAS,16.05,MEDICAMENTOS SIMILARES
7891035990137,PRESERV DUREX C/ 3 UNIDADES,3.30,PERFUMARIA            
7891035990045,PRESERV DUREX C/ 3,3.46,PERFUMARIA            
7896007200320,PRESERV BLOWTEX C/ 3 UNID.-ESPERMICIDA,5.12,PERFUMARIA            
7898226050014,EASYTEST TESTE DE GRAVIDEZ UNIDADE,10.19,MEDICAMENTOS SIMILARES
7898638340611,COMPLEXO B C/100CAPS,37.18,MEDICAMENTOS SIMILARES
7898904279430,FITA CIRURGICA 50MM X 10 CM,14.37,VAREJINHO             
7898944749474,APAR DE PRESSAO SUPERMEDY PULSO,165.43,VAREJINHO             
7896615100128,INALADOR PULMOSONIC STAR - SONIC,393.31,VAREJINHO             
070330703629,APAR.BIC SENSITIVE,5.39,PERFUMARIA            
7501009224174,APAR. GILLETE PRESTOBARBA ULTRAGRIP,9.51,PERFUMARIA            
7891051026773,APAR.GILLETE PRESTOBARBA,10.35,PERFUMARIA            
7898917294178,GUARANA  500MGC/ 120CAPS,33.19,MEDICAMENTOS SIMILARES
7898483533077,VITAMINA C 500MG C/60 CAPS,35.19,MEDICAMENTOS SIMILARES
2040000004002,HIBISCO  FOLHAS,4.02,MEDICAMENTOS SIMILARES
2002700005024,CHIA SEMENTE,10.19,MEDICAMENTOS SIMILARES
7899468503122,MELATON C / 60 CAPS,48.08,MEDICAMENTOS SIMILARES
7898483539116,CURCUMA AÇAFRAO C/CENOURA URUCUM E BETERRABA 60CAPS,49.18,MEDICAMENTOS SIMILARES
7506339390162,CR D ORAL BPRO S.SENSI ALIVIO 90 GRAMAS,9.39,PERFUMARIA            
7891024100431,CR D COLGATE 110G SENSITIVE,14.18,PERFUMARIA            
7899706114752,OLEO DE CABELO GARNIER FRUCTIS,20.39,PERFUMARIA            
7898483530205,CLORETO DE MAG . P.A. C60 CAPS,32.39,MEDICAMENTOS SIMILARES
7899682900196,LITEE ACTIFE - Psyllium - Laranj,50.35,MEDICAMENTOS SIMILARES
7899682900189,LITEE Zzzz - MAÇA E MORANGO C/ MARACUJA,50.41,MEDICAMENTOS SIMILARES
7899682900295,LITEE Fit Mulher c/ 60 Pellets,121.04,MEDICAMENTOS SIMILARES
7899682900301,LITEE Fit Homem c/ 60 capsulas g,120.72,MEDICAMENTOS SIMILARES
7899682900257,LITEE VIT MULHER 60 Comp,36.10,MEDICAMENTOS SIMILARES
7899682900264,LITEE VIT SENIOR 60 Comp,36.25,MEDICAMENTOS SIMILARES
7899682900318,LITEE Biotina em capsulas gelati,40.47,MEDICAMENTOS SIMILARES
7899767266414,LITEE GEL ANTISSEPTICO - 90g / 1,5.50,MEDICAMENTOS SIMILARES
7896004755526,SUVELAN CR ANTIESTRIAS 180ML,78.59,MEDICAMENTOS SIMILARES
7897848502321,NATIGLOS PMD 45GR/ RETINOL.COLEC,8.13,MEDICAMENTOS SIMILARES
7898172353344,VITA CONTROL C/ 100 CAPS,52.12,MEDICAMENTOS SIMILARES
073796801281,INALADOR OMRON COMPRESSOR,213.05,VAREJINHO             
7898917294215,LECITHIN 700MG C/ 60 CAPS,27.30,MEDICAMENTOS SIMILARES
070330770126,BIC FOR MEN SENSITIVE 65 GR,10.35,PERFUMARIA            
070330770096,BIC FOR MEN REFRESHS 65 GR,10.26,PERFUMARIA            
7897947611368,GOICODRAT CR PERNAS 380ML CIMED,52.19,MEDICAMENTOS SIMILARES
7896292000186,ADOCANTE LOW PLUS C STEVIA LIQU,15.38,VAREJINHO             
7896292040007,ADOCANTE LOW BLENDA C/ SUCRA LIQ,13.08,VAREJINHO             
7897918200249,MEL PURO POTE 300G,28.09,VAREJINHO             
7899470803647,CARDOMARIN 100 ML,50.63,MEDICAMENTOS SIMILARES
7898276066393,SUPER SLIM X C/ 60 CAPS,29.47,MEDICAMENTOS SIMILARES
7898994141860,ESCOV. DENTAL UNOCO SUPER MACIA,10.32,PERFUMARIA            
7898634470909,ESCOV. DENTAL B PONTEZIA,4.44,PERFUMARIA            
7898634470077,ESCOV. DENTAL B PONTEZIA,5.00,PERFUMARIA            
7898940257355,ESCOV. INTERD. CILINDRICA 3 M M,16.62,PERFUMARIA            
7898940257379,ESCOV. INTERD. CONICA 3 A 7 M M,16.62,PERFUMARIA            
7898940257638,CERA ORTODONTICA,8.32,PERFUMARIA            
7897144600028,ESCOV. DENTAL BITUFO,12.45,PERFUMARIA            
7897144660800,ESCOV. DENTAL BITUFO DRY,10.34,PERFUMARIA            
7899360200242,ESCOV. DENTAL MORANGUINHO,6.21,PERFUMARIA            
7899360202321,ESCOV. DENTAL GALINHA PINTADINHA,7.44,PERFUMARIA            
7899360200259,ESCOV. DENTAL TURMA DA XUXA,4.80,PERFUMARIA            
7899360200228,ESCOV. DENTAL BACKYARDIGANS,4.64,PERFUMARIA            
7899360201201,ESCOV. DENTAL PADRINHOS MAGICOS,5.90,PERFUMARIA            
7898940257539,ESCOV. DENTAL TELECO TECO,6.27,PERFUMARIA            
7899360200235,ESCOV.DENTAL PICA-PAU,5.78,PERFUMARIA            
7899360202338,ESCOV.DENTAL PEIXONAUTAS,5.66,PERFUMARIA            
7898585291165,ESCOV.DENTAL MUNDO BITA,12.25,PERFUMARIA            
7898585291172,ESCOV.DENTAL PORORO,8.19,PERFUMARIA            
7898185413721,ESCOV.DENTAL PEPPA PIG C/ CR DENTAL,13.28,PERFUMARIA            
7898185413714,ESCOV.DENTAL BATMAM C/ CR DENTAL,13.43,PERFUMARIA            
840646003467,ESCOV.DENTAL ELETRICA TECH LINE,44.26,PERFUMARIA            
7897144600318,ESCOV.DENTAL COCORICO,7.36,PERFUMARIA            
7898585290939,ESCOV.DENTAL TELECO TECO,11.24,PERFUMARIA            
04057956,"PRATI -SAL PO 27,9 GR",8.12,MEDICAMENTOS SIMILARES
7898628100027,ESCOV. DENTAL ORVITAL,17.14,PERFUMARIA            
7898628100058,ESCOV. DENTAL ORVITAL,17.46,PERFUMARIA            
7898628100065,ESCOV. DENTAL ORVITAL,17.44,PERFUMARIA            
7898628100034,ESCOV. DENTAL ORVITAL,17.25,PERFUMARIA            
7898628100041,ESCOV. DENTAL ORVITAL,17.06,PERFUMARIA            
7898628100010,ESCOV. DENTAL ORVITAL,17.14,PERFUMARIA            
8470001508249,ORTHO KIN PASTA DENTAL,30.23,MEDICAMENTOS ETICOS   
8470003731591,CARIAX ENXAGUE BUCAL,45.42,MEDICAMENTOS ETICOS   
7891024132654,CR D COLGATE,13.10,PERFUMARIA            
7891010586478,LISTERINE ZERO 500ML,17.27,PERFUMARIA            
7896258201398,PEDRA HUME RAPOZO 70 GRAMAS,15.48,PERFUMARIA            
7896007200276,PRESER.BLOWTEX C/6 UNI-HOT,14.26,PERFUMARIA            
7702018118823,APAR.PROBAK II C/ 2 UNID.,6.60,PERFUMARIA            
7506339394795,APAR.GILLETE FUSION PROGLIDE,28.44,PERFUMARIA            
070330717534,APAR.BIC COMFORT,8.76,PERFUMARIA            
070330717565,APAR.BIC COMFORT SENVIVEL,8.47,PERFUMARIA            
070330727984,APAR.BIC COMFORT-BLACK NIGHT,8.60,PERFUMARIA            
6980410223135,APAR.DE BARB.SECKICH METAL,8.07,PERFUMARIA            
7899473600304,LIXA POLIDORA,2.34,PERFUMARIA            
7897609900748,TESOURA P/UNHAS CRUZ DE OURO,12.61,VAREJINHO             
6932862531146,TESOURA P/UNHAS RIS,10.48,VAREJINHO             
3932822652426,TESOURA P/UNHAS RIS OU CORTADOR DE UNHAS,10.57,VAREJINHO             
1932022652358,TESOURA P/UNHAS RIS,10.32,VAREJINHO             
7896246000651,SAB.NATURAL ORGANICO 80GR.,11.15,PERFUMARIA            
7898217646509,SAB.DE ENXOFRE 90 GR,4.08,PERFUMARIA            
7891134007255,SAB.BIOCREMAMARINE 90 GRAMAS,2.61,PERFUMARIA            
7896902201316,SAB.HIDRADERM ERVA DOCE 100 GR.,6.68,PERFUMARIA            
7896090405657,SAB.HYDRATA  90 GRAMAS,3.49,PERFUMARIA            
8480017160652,SAB. BONTE AMENDOAS & MEL 90 GR.,2.01,PERFUMARIA            
8480017160645,SAB. BONTE CEDRO PATCHOULI 90 GR.,1.97,PERFUMARIA            
7891772155295,BARRA KOBBER-CAST. TROPICAL/CHOCOLATE,2.12,MEDICAMENTOS SIMILARES
7891772155288,BARRA KOBBER-BANANA LIGHT,2.15,MEDICAMENTOS SIMILARES
7896292001442,ADOCANTE MAGRO 100ML,4.34,VAREJINHO             
7896292001459,ADOCANTE MAGRO 200ML,8.58,VAREJINHO             
7896292000087,ADOCANTE LOWÇUCAR PLUS C/ 50 ENVELOPES,13.35,VAREJINHO             
7891772155622,KOBBER -QUINOA -GRAOS  130GR,9.04,VAREJINHO             
7891772155592,KOBBER -SEMENTES DE LINHAÇA DOURADA 120 GR,4.97,VAREJINHO             
7891772155585,KOBBER -SEMENTES DE LINHAÇA MARRON 120GR,6.09,VAREJINHO             
7891772144091,KOBBER -GRANOLA/CACAU LIHGT 250GR,7.38,VAREJINHO             
7891010007263,LOÇAO-JOHNSON & JOHNSON-ANTI MOSQUITO 100 ML,13.33,PERFUMARIA            
7898456758377,BABYMED COLONIA-CHEIRINHO GOSTOSO 100ML,10.50,
7898456758353,BABYMED LOÇAO HIDRATANTE 150ML,12.37,
7898302727311,COND.NEO KIDS INFANTIL 170ML,6.01,PERFUMARIA            
7898456758384,BABYMED COLONIA-SONINHO BOM 100ML,10.54,
7891010099732,SAB. JOHNSO &JOHNSON-BABY/MILK,3.42,PERFUMARIA            
7891010944636,SAB. JOHNSO &JOHNSON-BABY/HORA DE BRINCAR,3.08,PERFUMARIA            
7898483537464,SAL ROSA DO HIMALAIA 500 GRAMAS,33.13,MEDICAMENTOS SIMILARES
7898573370520,LENÇO UMEDECIDOS TOP CLEAN C/ 70 UNIDADES,3.13,PERFUMARIA            
7896010101201,LENÇO UMEDECIDOS BABY POPPY C/ 75 UNIDADES,3.70,PERFUMARIA            
7898573370568,LENÇO UMEDECID TOP CLEAN C/ 400 UNIDADES,7.42,PERFUMARIA            
7898573370544,LENÇO UMEDECIDOS TOP CLEN  BALDE C/ 400 UNIDADES,10.28,PERFUMARIA            
7898268962405,LENÇO UMEDECIDOS JOE BABY C/ 450 UNIDADES,14.99,PERFUMARIA            
7891301020421,CHUPETA BABYGO 2042,11.40,PERFUMARIA            
7891301019050,CHUPETA BABYGO 01905,9.10,PERFUMARIA            
7891301017872,CHUPETA BABYGO 01787,11.27,PERFUMARIA            
7891301019043,CHUPETA BABYGO 01904,11.00,PERFUMARIA            
7891301018411,CHUPETA BABYGO 01841,9.15,PERFUMARIA            
7891301020452,CHUPETA BABYGO 02045,9.40,PERFUMARIA            
7891301023484,CHUPETA DYSNEY -02348,22.51,PERFUMARIA            
7891301019562,CHUPETA DYSNEY -01956,13.58,PERFUMARIA            
7891301015267,CHUPETA PIXAR-01526,22.18,PERFUMARIA            
7896982907900,BICO DE MAMADEIRA-SUPER / PEPETA,13.08,PERFUMARIA            
7896381309527,CHUPETA PITUCA REF: 952AZ,8.15,PERFUMARIA            
7896381300623,CHUPETA PITUCA REF:941AZ,8.64,PERFUMARIA            
7896381300500,CHUPETA PITUCA REF:970AZ,7.98,PERFUMARIA            
7896381300791,CHUPETA PITUCA REF:360RS,9.05,PERFUMARIA            
7896381300814,CHUPETA PITUCA REF:361RS,8.58,PERFUMARIA            
7896381300470,CHUPETA PITUCA REF:351RS,8.20,PERFUMARIA            
7896381300555,CHUPETA PITUCA REF:960RS,8.65,PERFUMARIA            
7896381300678,CHUPETA PITUCA REF:980RS,10.02,PERFUMARIA            
7891024027325,PROTEX REFIL -ERVA DOCE 200ML,8.39,PERFUMARIA            
7898024395232,NUTELLA 140GRAMAS,7.98,MEDICAMENTOS SIMILARES
7896381300715,CHUPETA PITUCA REF:981RS,8.30,PERFUMARIA            
7896381300425,CHUPETA PITUCA REF:815AZ,8.69,PERFUMARIA            
7896381306342,MORDEDOR PITUCA -REF:006RS,6.47,VAREJINHO             
7897144600967,ESCOV. DEN. MASSAG.COCORICO,10.12,VAREJINHO             
381519183386,COND. AUSSIE 7N1,25.12,PERFUMARIA            
7896381300067,MAMADEIRA PITUCA 280ML,23.12,PERFUMARIA            
7896381300111,MAMADEIRA PITUCA 240ML,25.30,PERFUMARIA            
7896381325312,MAMADEIRA PITUCA 240 ML,21.35,PERFUMARIA            
7898139871386,MAMADEIRA NEW BABY,8.05,PERFUMARIA            
7898139872178,MAMADEIRA NEW BABY,10.09,PERFUMARIA            
7898179462230,MAMADEIRA MAMITA,10.28,PERFUMARIA            
7898139872567,CHUQUINHA NEW BABY,12.96,PERFUMARIA            
7896033231367,COLHER DE SILICONE LILLO,19.75,PERFUMARIA            
7899403200062,COLHER MAXI BABY,19.57,PERFUMARIA            
7896699019989,TIRA LEITE LOLLY 70ML,25.00,PERFUMARIA            
7898362220012,PENTE ESCOVA RCA,7.25,PERFUMARIA            
7896381306229,CONJ.DE ESCOVAS PITUCA,12.32,PERFUMARIA            
7896982903063,ASPIRADOR NASAL PEPETA,10.47,PERFUMARIA            
7899691401318,CHUPETA TIMES-SANTOS,12.26,PERFUMARIA            
7896699011662,PROTETOR DE SEIOS LOLLY,15.01,PERFUMARIA            
7898336430720,JOELHEIRA LISA CURTA HIDROLIGHT  TAM-MEDIO,29.46,VAREJINHO             
7898336432397,JOEL.C/MOLAS FLEX. AJUS. HIDROLIGHT,112.38,VAREJINHO             
7898336430621,JOELHEIRA C/ REFORÇO PATELAR HIDROLIGHT  TAM-PEQUENO,32.09,VAREJINHO             
7898336430645,JOELHEIRA LISA CURTA HIDROLIGHT  TAM-GRANDE,32.48,VAREJINHO             
7898060099996,COLETOR UNIVERSAL ESTERELIZAVEL,1.95,VAREJINHO             
7896902211742,GLICERINA BI-DESTILADA  30 ML,3.71,VAREJINHO             
7896902211841,VASELINA SOLIDA MEDICAMENTO 25G,3.79,VAREJINHO             
7896902211889,VASELINA SOLIDA MEDICAMENTO 60G,17.45,VAREJINHO             
7898336433240,TORNOZELEIRA C/ ZIPER HIDROLIGHT TAM -GG,33.05,VAREJINHO             
7898336433226,TORNOZELEIRA C/ ZIPER HIDROLIGHT TAM -M,33.27,VAREJINHO             
7898336430836,TORNOZELEIRA HIDROLIGHT TAM -M,29.48,VAREJINHO             
7898415012915,ADESIVO PODOGEL P/PROTEÇAO DO TENDAO,26.69,VAREJINHO             
7898336435244,PROTETOR P/ PUNHO TAM :EG,15.40,VAREJINHO             
7898336431765,ORTOSE C/ TALA 3TIRAS ESQUERDA HIDROLIGHT,37.46,VAREJINHO             
7898336430744,COTOVELEIRA AJUSTAVEL TAM: UNICO,28.03,VAREJINHO             
7898336433141,MUNHEQUEIRA CONFORT DIREITA TAM:PP P,38.03,VAREJINHO             
7898336433165,MUNHEQUEIRA CONFORT DIREITA TAM:G/GG,38.09,VAREJINHO             
7898336431741,ORTOSE P/ PUNHO 3TIRAS ESQUERDO TAM:P,37.37,VAREJINHO             
7898336431710,ORTOSE P/ PUNHO 3TIRAS DIREITO TAM:P,37.32,VAREJINHO             
7898336436135,CORRETOR POSTURAL TAM -M,44.18,VAREJINHO             
7898336436142,CORRETOR POSTURAL TAM -M,43.98,VAREJINHO             
7898336432625,CINTA ABDOMINAL TAM - UNICO,92.11,VAREJINHO             
7898336434599,TIPOIA BRIM SIMPLES TAM-GRANDE,23.18,VAREJINHO             
7898411815466,COTOVELEIRA  TAKE CARE -GRANDE,20.16,VAREJINHO             
7898947017150,OLEO GIRASSOL A.G.E. 100ML,8.12,MEDICAMENTOS SIMILARES
7898421990108,PENTE AÇO EXT PIOLHOS LENDEAS,22.22,PERFUMARIA            
7898994542025,ADEREFIX CR 40GR MENTA,20.45,VAREJINHO             
7896272308516,FD GERI. ADULTEX C /8 UNIDADES TAM-G,13.58,VAREJINHO             
7896272308523,FD GERI. ADULTEX C /8 UNIDADES TAM-G,11.20,VAREJINHO             
7896885500109,BANANINHA CREMOSAPARAIBUNA 36 GR,2.72,VAREJINHO             
7896885500147,BANANINHA CREMOSA SEM ACUÇAR PARAIBUNA 36 GR,2.86,VAREJINHO             
7891200011681,"COLA SUPER BONDER 1,5 GRAMAS",3.27,VAREJINHO             
7898415012861,PAL.DE ESPUMA ORTHO PAUHER,9.11,VAREJINHO             
7898212291018,MUNHEQUEIRA  IDEAL TAM: UNICO,16.14,VAREJINHO             
7898021201406,ESPONJA DE BANHO-ISA,4.26,VAREJINHO             
8303190006671,ESCOV. PARA CUTICULA ROSEBLAND,12.26,PERFUMARIA            
7897839700040,SABONETEIRA KEITA,2.70,VAREJINHO             
7891024174715,COND. PALMOLIVE CERAMIDAS FORCE,11.47,PERFUMARIA            
7898946939088,ESPONJA E SABONETEIRA P/ BANHO PENTEK,2.55,VAREJINHO             
4359862146231,SABONETEIRA BUCAL,2.79,VAREJINHO             
7896818241680,LIXA POP,1.26,PERFUMARIA            
7896939807123,PEDRA POMES C/ LIXA,6.45,VAREJINHO             
7896939801701,TOUCA BANHO CHARMOSA,2.63,VAREJINHO             
0070942125352,ESCOVA DENTAL ORTODONTICA KIT C/,38.07,PERFUMARIA            
0070942124898,ESCOVA DENTAL CRAYOLA LIGHTER CO,30.42,PERFUMARIA            
0070942122863,SOFT PICKS C/40 UND COD.632LA4 -,25.36,PERFUMARIA            
0070942304344,SOFT PICKS C/15 UND COD.632LA1 -,13.23,PERFUMARIA            
0070942304542,FIO DENTAL ORTODONTICO COD.3200L,26.02,PERFUMARIA            
0070942000307,FLOSSER DISNEY DORY C/40 UND COD,20.24,PERFUMARIA            
7898563770101,"ESPARADRAPO 25X0,90M",4.16,VAREJINHO             
7898042154569,COMPOSTO FORTE P/DIABETES,25.23,MEDICAMENTOS SIMILARES
7898009435854,"TINT.COLOR TOTAL 2,0",10.26,MEDICAMENTOS SIMILARES
7898009436066,"TINT.COLOR TOTAL 6,51",10.12,MEDICAMENTOS SIMILARES
7898009436073,"TINT.COLOR TOTAL 6,7",10.46,MEDICAMENTOS SIMILARES
7898524346178,"TINT.COLOR TOTAL 55,46",11.46,MEDICAMENTOS SIMILARES
7898009436172,"TINT.COLOR TOTAL 6,66",11.28,MEDICAMENTOS SIMILARES
7898009436165,"TINT.COLOR TOTAL 6,62",10.19,MEDICAMENTOS SIMILARES
7898524342316,"TINT.COLOR TOTAL 66,64",11.42,MEDICAMENTOS SIMILARES
7898009436035,"TINT.COLOR TOTAL 7,3",10.28,MEDICAMENTOS SIMILARES
7898524346154,"TINT.COLOR TOTAL 7,4",10.42,MEDICAMENTOS SIMILARES
7898009436080,"TINT.COLOR TOTAL 2,0",10.15,MEDICAMENTOS SIMILARES
7898009435960,"TINT.COLOR TOTAL 8,1",10.33,MEDICAMENTOS SIMILARES
7898939082029,"TINT.COLOR TOTAL 8,31",10.10,MEDICAMENTOS SIMILARES
7898009435922,"TINT.COLOR TOTAL 9,0",10.30,MEDICAMENTOS SIMILARES
7898524346161,"TINT.COLOR TOTAL 9,1",9.98,MEDICAMENTOS SIMILARES
7898009435991,TINT.COLOR TOTAL 12.1,10.30,MEDICAMENTOS SIMILARES
7898524342323,"TINT.COLOR TOTAL 10,1",10.31,MEDICAMENTOS SIMILARES
7898524343337,TINT.COLOR TOTAL 12.11,10.32,MEDICAMENTOS SIMILARES
7898524343351,TINT.COLOR TOTAL-DESAMARELADOR,11.19,MEDICAMENTOS SIMILARES
7506295347927,REP. DE PONTAS -PANTENE,15.28,PERFUMARIA            
7898376280118,LEAVI-IN-TERMO LANNOVE STRAVAZZI,21.23,PERFUMARIA            
7891024161821,COND. PALMOLIVE CACHOS CONTROL,10.78,PERFUMARIA            
7891024170922,COND. PALMOLIVE RENOV. QUIMICA,10.63,PERFUMARIA            
7891024026137,COND. PALMOLIVE NEUTRO,11.12,PERFUMARIA            
7506295369509,COND.HEAD & SHOULDERS HIDRATAÇAO,8.97,PERFUMARIA            
7896279114677,DEITA CABELO FINALIZADOR,10.02,PERFUMARIA            
7891150029910,DOVE OLEO P/CABELO,28.52,PERFUMARIA            
7896000716842,OLEO DE CABELO GOLD-EXTRA BRIHLO,5.15,PERFUMARIA            
7896000725257,OLEO DE CABELO GOLD-MEGA BRIHLO,10.23,PERFUMARIA            
7898365800181,OLEO DE CABELO BELLFLOR-KARITE,5.78,PERFUMARIA            
7896000704030,OLEO DE CABELO SILICONE NIELY,5.15,PERFUMARIA            
7898524341722,ALISA.DE GUANI. SALON LINE-OLEO DE ARGAN,12.57,PERFUMARIA            
7898009437629,ALISA.DE GUANI. SALON LINE-MANGA,13.09,PERFUMARIA            
7898524341715,ALISA.DE GUANI. SALON LINE-OLEO DE ARGAN,12.91,PERFUMARIA            
7898524344723,PO DESCOLORANTE SALON-LINE,5.06,PERFUMARIA            
7897214700030,GRAMPOS DARMA C/100 N 5,6.05,PERFUMARIA            
7898937898615,"BCAA ULTRA CONCENTRADO 1,5 GR",57.10,MEDICAMENTOS SIMILARES
7898483532995,FOSFORO ( P ) C/ 60 CAPS,43.16,MEDICAMENTOS SIMILARES
7898172355126,GELATINA GELLAXX 120 CAPS,45.39,MEDICAMENTOS SIMILARES
7898483533138,NIACINA B3 C/ 60CAPS,34.41,MEDICAMENTOS SIMILARES
7897795082693,UNHA DE GATO C/ 60 CAPS,25.10,MEDICAMENTOS SIMILARES
7898042150400,ESPINHEIRA SANTA C/ 60 CAPS,22.16,MEDICAMENTOS SIMILARES
7898042150370,37 ERVAS C/ 60 CAPS,25.25,MEDICAMENTOS SIMILARES
7898042198747,HIBISCO C/ 60 CAPS,20.24,MEDICAMENTOS SIMILARES
7898565656564,SUCUPIRA 500MG 60CAPS,25.40,MEDICAMENTOS SIMILARES
7898042157645,50 ERVAS C/ 60 CAPS,22.37,MEDICAMENTOS SIMILARES
7891150029729,SAB.LUX SUAVIDADES DAS PETALAS( SACHE ),6.05,PERFUMARIA            
7896020160182,TENYSPE WOMAN SPRAY  150 ML,16.22,PERFUMARIA            
7896020160168,TENYS PÉ CANFORA,16.10,PERFUMARIA            
7896020160151,TENYSPE ORIGINAL SPRAY  150 ML,14.28,PERFUMARIA            
7896044954545,LOCAO HIDRA. GIOVANNA BABY-LILAC,14.02,PERFUMARIA            
7896094906464,LOCAO HIDRA. PAIXAO-ENVOLVENTE,13.37,PERFUMARIA            
7891106910552,PROT. SOLAR COPPERTONE TOQUE SECO 50 FPS,43.18,PERFUMARIA            
7891010518752,PROT. SOLAR SUNDOW 50FPS-350ML,50.30,PERFUMARIA            
7898042181992,AGAR-AGAR C/ 60CAPS,22.54,MEDICAMENTOS SIMILARES
7899706129190,LENÇO MICELAR LOREAL,25.19,MEDICAMENTOS SIMILARES
7891010952976,ABS OB INTERNO SUPER (EDIC. ILIMITADO),9.98,PERFUMARIA            
7898919703067,DES.SOFFIE CLINICAL,10.38,PERFUMARIA            
8801038572239,APAR. DE BARBEAR LAMIX,4.98,PERFUMARIA            
7898851310545,CORTADOR DE UNHA WINCY,6.25,PERFUMARIA            
8437003206016,AZEITE DE OLIVA EXTRA VIRGEM EL CONVENTO,42.08,MEDICAMENTOS SIMILARES
7899682900400,CALCIO D 600 + D3 C/ 60COMP.,25.04,MEDICAMENTOS SIMILARES
77941879,DES.DOVE INSIVIBLE DRY,15.26,PERFUMARIA            
77942241,DES.REXONA BAMBOO,13.08,PERFUMARIA            
77904331,DES.REXONA WOMEN PROTECTION,13.38,PERFUMARIA            
77942234,DES.REXONA WOMEN POWDER,13.24,PERFUMARIA            
77942227,DES.REXONA COTTON,13.05,PERFUMARIA            
77949646,DES.REXONA INVISIBLE,12.99,PERFUMARIA            
7892940000171,DES. PLAYBOY MALIBU 150ML,8.45,PERFUMARIA            
7892940000027,DES. ADIDDAS PROCLEAR,14.49,PERFUMARIA            
7898042151476,PATA DE VACA,22.55,MEDICAMENTOS SIMILARES
7500435011204,DES.GILLETE-SPORT,14.05,PERFUMARIA            
7791293023175,DES.REXONA FANATIC,15.05,PERFUMARIA            
7898913518612,HIDRA-TEX 1KL,12.21,PERFUMARIA            
7898913518636,HIDRA-TEX 1KL,12.33,PERFUMARIA            
7898945433068,GEL COLA ALFA LOOKS 500 GRAMAS,13.55,PERFUMARIA            
7898945433112,"GEL COLA ALFA LOOKS  1,100 GRAMAS",19.99,PERFUMARIA            
7898365800051,GEL LEXO FORTE 230GRAMAS(AMARELO),4.02,PERFUMARIA            
7898365800020,GEL LEXO EXTRA FORTE 230GRAMAS (AZUL),3.83,PERFUMARIA            
7898365800037,GEL LEXO FORTE 230GRAMAS (VERDE),3.73,PERFUMARIA            
7898365800334,GEL LEXO EXTRA FORTE 1 KL  (BRANCO),12.81,PERFUMARIA            
7898365800365,GEL LEXO FORTE 1 KL (AMARELO),5.28,PERFUMARIA            
7898365800341,GEL LEXO EXTRA FORTE 1 KL  (AZUL),12.61,PERFUMARIA            
7898365800358,GEL LEXO FORTE 1 KL  (VERDE),13.04,PERFUMARIA            
7898301051844,BALANÇA MECANICA G TECH,106.09,VAREJINHO             
6359660807219,MASSAGEADOR PESSOAL YDH,150.06,VAREJINHO             
7896142700044,ESPASSADOR LUFTCHAMBER -ADULTO,33.14,VAREJINHO             
7898573370575,HIDRA-TEX 1KL,12.12,PERFUMARIA            
7899257588958,LIPOLEIC C/ 120 CAPS,48.48,MEDICAMENTOS SIMILARES
7898095296506,ALGODAO BOLA COLORIDO 40GRAMAS,4.13,PERFUMARIA            
7898095296421,ALGODAO QUADRADINHO 40GRAMAS,5.11,PERFUMARIA            
7898906459090,ALGODAO  COTTON NEWS 25 GRAMAS,2.06,PERFUMARIA            
7898095296520,ALGODAO COTTON 50 GRAMAS,4.71,PERFUMARIA            
7898483530373,WHEY PROTEIN-VEGAN POTE,144.18,MEDICAMENTOS SIMILARES
7898483533763,WHEY PROTEIN-CHOCOLATE POTE,90.09,MEDICAMENTOS SIMILARES
7898483530069,WHEY PROTEIN-PEA POTE,149.10,MEDICAMENTOS SIMILARES
7898483533121,ACIDO PANTOTENICO C/ 60CAPS,31.56,MEDICAMENTOS SIMILARES
7898483533084,CIANOCOBALAMINA B12 C/ 60 CAPS,26.68,MEDICAMENTOS SIMILARES
7898483537716,LUTEINA C/ 60CAPS,63.03,MEDICAMENTOS SIMILARES
7898483533053,TOCOFEROL E C/ 60 CAPS,30.52,MEDICAMENTOS SIMILARES
7898483532971,MANGANES MN C/ 60 CAPS,32.18,MEDICAMENTOS SIMILARES
7898483532940,SILICIO C/ 60 CAPS,33.99,MEDICAMENTOS SIMILARES
7898483533091,ACIDO FOLICO B 9,30.08,MEDICAMENTOS SIMILARES
7898937898356,OLEO DE CARTAMO 1000MG C/ 60 CAPS,37.27,MEDICAMENTOS SIMILARES
7898937898240,CRAN BERRY 500MGC/ 60 CAPS,40.24,MEDICAMENTOS SIMILARES
7898917294420,PSYLLIUMAX 500MGC/ 60CAPS,38.36,MEDICAMENTOS SIMILARES
7898483531059,OLEO DE BORRAGEM C/ 60 CAPS,49.28,MEDICAMENTOS SIMILARES
7898917294291,OLEO DE FIGADO DE BACALHAU C/ 60 CAPS,32.27,MEDICAMENTOS SIMILARES
7898483532797,CARTACOCO C/ 60 CAPS,36.29,MEDICAMENTOS SIMILARES
7898572043159,SUPER CLORETO DE MAGNESIO C/ 60 CAPS,36.01,MEDICAMENTOS SIMILARES
7898937898325,OLEO DE COCO C/ 60 CAPS,36.44,MEDICAMENTOS SIMILARES
7898917295199,OLEO DE CARTAMO C/ 120 CAPS,55.02,MEDICAMENTOS SIMILARES
7898257952349,GINKO BILOBA  C/ CAST.DA INDIA,32.34,MEDICAMENTOS SIMILARES
7809982145234,CANELA DE VELHO C/60 CAPS,24.96,MEDICAMENTOS SIMILARES
7809982452356,CANELA DE VELHO C/ 120 CAPS,36.96,MEDICAMENTOS SIMILARES
7898917295717,DERMIFIX (COLAGENUS),24.57,MEDICAMENTOS SIMILARES
7898932141068,BANANINHA S/ ACUCAR 25 GRAMAS,2.56,VAREJINHO             
7896853062660,OLEO DE CARTAMO L.A. C/ 150 CAPS,53.15,MEDICAMENTOS SIMILARES
7898084165295,BALA DE GENGIBRE E MEL,3.20,VAREJINHO             
7891010785581,PROT CAREFREE NEUTR C/FRAG LV60P,20.39,PERFUMARIA            
7891010785550,PROT CAREFREE NEUTR S/FRG LV60 P,19.21,PERFUMARIA            
7891010808037,ABS SMP LIVRE ESPEC SECA C/AB 8U,4.07,PERFUMARIA            
7891010808020,ABS SMP LIVRE ESPEC SECA S/AB 8U,4.70,PERFUMARIA            
7891010785567,PROT CAREFREE TODO DIA S/FRG LV6,19.36,PERFUMARIA            
7896231301114,GELEIA REAL 150 MG C/ 45 CAPS,70.34,MEDICAMENTOS SIMILARES
7898172356451,VITAMINA E C/ 100 CAPS,37.01,MEDICAMENTOS SIMILARES
7896230304574,SORO FISIOLOGICO 500ML ADV FARMA,5.40,VAREJINHO             
7898917294406,AGAR AGAR 60 CAPS,29.21,VAREJINHO             
7897513911335,NEVONI AP INALACAO ULTRA SONIC 1,200.23,VAREJINHO             
048675658003,BRINCO BABY,65.58,MEDICAMENTOS SIMILARES
840646001548,APAR. DE PRESSAO TECH LINE,132.23,VAREJINHO             
7897247306018,PALMILHA SO PES PERFOMANCE DRY 35/36,44.45,VAREJINHO             
7897247306186,ANTIDERRAPANTE PLANTAR SO PES,19.98,VAREJINHO             
7897247306209,PROTETOR DE CALCANHAR GEL SO PES,28.17,VAREJINHO             
7897247304380,CALCANHEIRA AIR SYSTEM TAM.G,30.22,VAREJINHO             
7897247304458,PROTETOR DE CALCANHAR,24.26,VAREJINHO             
7897247304588,PALMILHA SO PES COMFORT GEL 37/38,43.04,VAREJINHO             
7897780202471,TINTURA DE IODO 2% 30ML,6.12,VAREJINHO             
7896788020124,TIRA-LEITE MATERNO AMARELO-SANIT,34.04,VAREJINHO             
7898415013479,DEDEIRA DE MALHA REVESTIDA C/GEL,20.37,VAREJINHO             
7896830000586,OLEO DE RICINO 60ML-LBS LT 70385,9.07,VAREJINHO             
7898944749221,UMIDIFI.ULTRASON. 3L BIVOLT - SU,163.99,VAREJINHO             
7898949409533,ASEPXIA 80G ESFOLIANTE,10.42,PERFUMARIA            
650240012716,ASEPXIA SAB.HERBARIO 85GR,11.45,PERFUMARIA            
7896049540019,TALCO TENIS SEC TRA.P-PES 100G,6.99,PERFUMARIA            
7898301055873,G-TECH UMIDIFICADOR ULTRA SONICO,195.43,VAREJINHO             
7898005717374,COLONIA SPIDER-MAN 200ML,19.43,PERFUMARIA            
7898005714373,KIT BATMAN X SUPERMAN SHAMPOO,29.00,PERFUMARIA            
7899304804604,KIT BEBE NATUREZA SH COND SAB,39.08,PERFUMARIA            
7899304806196,KIT BEBE NATUREZA SH COND SAB,39.05,PERFUMARIA            
7899304811602,KIT CARROS SHAMP / SHAMP 2X1,30.42,PERFUMARIA            
7898005716582,KIT LADYBUG SHAMP 250ML / CON,15.34,PERFUMARIA            
7899304810933,KIT MINIONS PRISIONEIRO SHAMP,28.21,PERFUMARIA            
7899304809906,KIT MINIONS SHAMP / COND 250M,15.34,PERFUMARIA            
7898005717046,KIT MINNIE SHAMP / COND 250ML,24.21,PERFUMARIA            
7898005716841,KIT MINNIE SHAMP / COND CACHO,19.38,PERFUMARIA            
7898639300416,KIT MORANGUINHO SHAMPOO E CONDICIONADOR,27.38,PERFUMARIA            
7898509765147,KIT SHREK 2 SHAMPOO 3X1 250ML,23.12,PERFUMARIA            
7896902200692,OLEO BRONZ SUNLESS FPS 6 CENO,17.11,PERFUMARIA            
7896902240148,OLEO BRONZ SUNLESS FPS 6 URUC,17.12,PERFUMARIA            
7896902206717,PASTA DAGUA SIMPLES 120GR FAR,8.69,PERFUMARIA            
7898080461148,SAB. LIQ. INTIMAMEN INTIMO NE,15.29,PERFUMARIA            
7891024025888,SAB. LIQUIDO PALMOLIVE NUTRI MILK,14.08,PERFUMARIA            
7891024026472,SAB. LIQUIDO PALMOLIVE FRAMBOESA,14.13,PERFUMARIA            
7891182014779,ESMALTE RISQUE GRAO DE ARROZ,3.97,PERFUMARIA            
7898283812921,FD GER DESCARPACK TAM M C/ 8 UNIDADES,11.35,PERFUMARIA            
7896213303389,OLEO CORP. AMENDOAS 90ML-BEIRA A,7.03,VAREJINHO             
6939184650005,MEDIDOR DE GLICOSE BIOLAND,70.04,VAREJINHO             
6939184632407,FITA TESTE DE GLICOSE 50 UNIDADES,83.41,VAREJINHO             
7895144603049,MENTOS STICK ICE MINT DISP 16UN,2.08,VAREJINHO             
7895144294742,MENTOS STICK MANGA/MARACUJA DISP,2.55,VAREJINHO             
7896262304306,MENTOS STICK MINT DISP 16UN PERF,2.10,VAREJINHO             
7897322707167,LUCRETIN CHA VERDE,10.01,PERFUMARIA            
7897322703541,LUCRETIN FLORAL,10.38,PERFUMARIA            
7898622840028,FD SONHO DE BEBE TAM. M C/ 90,38.49,PERFUMARIA            
7898960950137,FITA CIRURGICA 100X10,23.04,VAREJINHO             
7898563770118,"ESPARADRAPO 12X4,5",7.32,VAREJINHO             
7896877600909,FD DIGIMAX ABS C/ 20 UNIDADES,11.43,PERFUMARIA            
7896877601425,FD DIGUI FRAL TAM G C/ 8,14.08,PERFUMARIA            
7896877601418,FD DIGUI FRAL TAM M C/ 10,14.44,PERFUMARIA            
7898951180468,ALCOOL ETILICO 96% 1000ML,11.99,VAREJINHO             
7897517902971,ESCOV / CABELO CONDOR,17.01,PERFUMARIA            
7897517902964,ESCOV / CABELO CONDOR BELLIZ,17.29,PERFUMARIA            
7897517911843,ESCOV / CABELO CONDOR BELLIZ,17.13,PERFUMARIA            
7891055671528,ESCOV / CABELO CONDOR VERSATILIZE,17.39,PERFUMARIA            
7891055695500,ESCOV / CABELO CONDOR,17.01,PERFUMARIA            
7891055672709,ESCOV / CABELO CONDOR,17.02,PERFUMARIA            
7899026481640,DES BIO INVISIBLE SEM PERFUME,13.28,PERFUMARIA            
7891010031855,CLEAN CLEAR LIMPESA PROFUNDA,15.18,PERFUMARIA            
7791293884592,DES. REXONA BAMBOO,12.77,PERFUMARIA            
7891150054240,DES. REXONA POWDER DRY,15.44,PERFUMARIA            
7891010514853,NUTROGEMA SUN FRESH  FPS 60,45.33,PERFUMARIA            
7896007990320,APAR. FIAT LUX,3.07,PERFUMARIA            
4005808380763,ESPUMA P / BARBA NIVEA,15.03,PERFUMARIA            
77946317,DES.DOVE,12.97,PERFUMARIA            
079400052926,DES REXONA CLINICAL WOMEN,21.58,PERFUMARIA            
7896094906785,DES. MONANGE FRUTAS VERMELHAS 150 ML,8.03,PERFUMARIA            
7896094906815,DES. MONANGE EXTRATO DE OLIVA 150 ML,8.04,PERFUMARIA            
7896094981010,DES. MONANGE SEM PERFUME,7.66,PERFUMARIA            
7899470805726,BABY D PDA 45GR,5.35,MEDICAMENTOS SIMILARES
7896104996621,TOALHINHA UMEDECIDA FLOW PACK C/,9.46,PERFUMARIA            
7898937899186,STRONG MASSA 3KG -MORANGO,81.02,MEDICAMENTOS SIMILARES
7898937899193,STRONG MASSA 3KG -BAUNILHA,81.39,MEDICAMENTOS SIMILARES
7898481773192,STRONG MASSA 3KG -CHOCOLATE,80.98,MEDICAMENTOS SIMILARES
7898583662004,WHEY PROTEIN 900GR-BAUNILHA,73.44,MEDICAMENTOS SIMILARES
7898583661991,WHEY PROTEIN 900GR-CHOCOLATE,73.39,MEDICAMENTOS SIMILARES
7898937899070,CREATINA 300GR,52.06,MEDICAMENTOS SIMILARES
7898583662134,BCAA 500 MG C/ 120 CAPS,42.27,MEDICAMENTOS SIMILARES
7898937898943,BCAA PO 150 GR-UVA,42.33,MEDICAMENTOS SIMILARES
7898937898905,ULTRA BURN C/ 60 CAPS,50.17,MEDICAMENTOS SIMILARES
7898937899001,ANTTI CELL C/ 60 CAPS,50.22,MEDICAMENTOS SIMILARES
7898937898103,WAXY MAIZE 900GR,42.36,MEDICAMENTOS SIMILARES
7898583662998,WHEY ISOLADA 900GR -CHOCOLATE,197.23,MEDICAMENTOS SIMILARES
7896094981102,CENOURA & BRONZE KIDS FPS 50,25.02,PERFUMARIA            
7896108560460,CENOURA & BRONZE FPS 30,25.00,PERFUMARIA            
7898042158468,CATUABA SELVAGEM 500MG C / 60 CAPS,25.13,MEDICAMENTOS SIMILARES
7897013553455,BATERIA ELGIN,2.66,VAREJINHO             
7898134980076,COMPRESSAS DE GASES C/ 500 UNIDADES,25.07,VAREJINHO             
7891058010058,SAB. INTIMO DERMACYD JASMIN,20.45,PERFUMARIA            
7891910030149,ADOÇANTE UNIÃO C/70 SACHES + 20 GRÁTIS,9.29,VAREJINHO             
7898573370551,LENÇOS UMIDECIDOS-TOP CLEN C/ 70 UNI,2.17,PERFUMARIA            
7898622840097,FD SONHO DE BEBE TAM. P -C/ 10 UNID,4.50,PERFUMARIA            
7506339390315,DES.OLD SPICE -LENHA 150ML,13.13,PERFUMARIA            
7897947610545,VITAONE MULHER FR X 60 COMP REV,30.19,MEDICAMENTOS SIMILARES
7899785200728,DEXATOP DERMA CREME BG 20G,19.47,MEDICAMENTOS SIMILARES
7898075315289,LAKEONE SOL TOP FR 30ML (OF),37.27,MEDICAMENTOS SIMILARES
7898075315319,FRENO PAST 1 BL X 10 SBR MENTA,15.30,MEDICAMENTOS SIMILARES
7896018703674,PMD.HUGGIES 90 GR,21.81,PERFUMARIA            
7899785200674,FRENO SPR FR 30ML SBR MEL/GENGIBRE,10.09,MEDICAMENTOS SIMILARES
7896902212084,ÁLCOOL GEL 70%,4.99,VAREJINHO             
7898483533855,PICO. DE CROMO C/ 120 CAPS,55.27,MEDICAMENTOS SIMILARES
7898903020460,SUCUPIRA C/ 60 CAPS GELATINOSAS,39.06,
7898483538010,COLAGENO 100MG C/ 120 CAPS,72.46,MEDICAMENTOS SIMILARES
7898483537730,COLAGENO 100MG C/ 60 CAPS,49.17,MEDICAMENTOS SIMILARES
9687895211073,COLAGENO 500MG C/ 60 CAPS,53.38,MEDICAMENTOS SIMILARES
7898937898165,ELEO DE PRIMULA C/ 90 CAPS,37.40,MEDICAMENTOS SIMILARES
4005808846290,CREME NIVEA - ANTIIDADE,15.07,PERFUMARIA            
7891024026656,CREME DENTAL COLGATE - SENSITIVE REPARA ESMALTE,8.17,PERFUMARIA            
7896000725431,AMPOLÃO TURBINADO - DIVA DE CACHOS,12.18,PERFUMARIA            
7509546069593,COLGATE GEL DENTAL MINIONS - SMILES,6.44,PERFUMARIA            
7899470804149,CARDOMARIN 254 MG 2 BL 10 CAPS,70.70,MEDICAMENTOS SIMILARES
7896641812910,EPAREMA C/ 4 COMP.,7.04,MEDICAMENTOS ETICOS   
7899732100262,SOMA PRO 60 CPR EVERS,128.31,MEDICAMENTOS SIMILARES
7898994141839,ESCOVA DENTAL COM 1 NIVEL DE ALT,10.13,PERFUMARIA            
7898994141846,ESCOVA DENTAL COM 2 NIVEIS DE AL,10.97,PERFUMARIA            
7898994141815,ESCOVA DENTAL COM 2 NIVEIS DE AL,10.35,PERFUMARIA            
7894650012895,REP. OFF LONGA DURACAO TOQUE SECO,33.29,PERFUMARIA            
7891150039506,SAB. LUX SUAVIDADE DAS PÉTALAS,1.69,PERFUMARIA            
7898172356123,OLEO DE CARTAMO C/ 60 CAPS,32.46,MEDICAMENTOS SIMILARES
7898172351630,CARTCALCIUM C/ 60 CAPS,33.25,MEDICAMENTOS SIMILARES
7898926212316,TESTO-E C/30CPR DE 600MG CADA P/,28.42,MEDICAMENTOS SIMILARES
7891024024003,SAB. INTIMO PROTEX DELICA CARE,10.24,MEDICAMENTOS SIMILARES
7898301059451,INALADOR COMPRESSOR G-TECH - NEB,179.26,VAREJINHO             
8809095423112,KINESIO TAPE 5M X 5CM - BEGE,45.06,VAREJINHO             
6939184630526,MONITOR PRESSAO ARTERIAL BIOLAND,114.04,VAREJINHO             
7898095297114,CURATIVO COTTON TRANSPARENTE C/35 UNI.,5.24,VAREJINHO             
7898483530458,AÇAI 500MG C/ 60 CAPS,39.23,MEDICAMENTOS SIMILARES
7898523135025,MASC. HID. DESMAIO CAPILAR COMPA,40.38,PERFUMARIA            
7898523134103,COND. CABELO E BARBA COMPANY 250,30.06,PERFUMARIA            
7898523133939,POMADA MODELADORA COMPANY INCOLO,30.36,PERFUMARIA            
7897947611108,KIT REDUBIO C/ COQUETELEIRA CIME,40.29,VAREJINHO             
7898582680252,SEVERAL MULHER 30CPR EGV PHARMA,36.38,MEDICAMENTOS SIMILARES
7896311706426,WHEY PROT. ISOLADO 907G CHO BAIX,241.46,MEDICAMENTOS SIMILARES
7898377692088,BALA GENGIBRE MEL PCT SORTIDA,3.86,MEDICAMENTOS SIMILARES
7898955286470,SUPREFORCE AZ 1000MG 60 CPS FORH,37.06,MEDICAMENTOS SIMILARES
070942000307,FIO DENTAL FLUORETADO INFANTIL,15.05,PERFUMARIA            
070942304542,"FIO DENTAL 22,9M ORTHODONTIC FLOSS",20.17,PERFUMARIA            
7891035024955,INSETICIDA SBP ÓLEO CITRONELA - REFIL,17.17,PERFUMARIA            
77942272,DES. REXONA WOMEN SEM PERFUME,13.26,PERFUMARIA            
4005808846283,CR. NIVEA SOFT NUTRITIVO P/ MÃOS,15.39,PERFUMARIA            
7896044960188,CR. GIOVANNA BABY ROMANTIC,14.12,PERFUMARIA            
7896044960164,CR. GIOVANNA BABY,14.16,PERFUMARIA            
7506339342086,COND. PANTENE EXPERT - HYDRA INTENSIFY,20.34,PERFUMARIA            
3504105024802,POM. MUSTELA 55G,20.47,PERFUMARIA            
3504105024932,POM. MUSTELA 110G,30.33,VAREJINHO             
7896046703172,CHARMING HAIR SPRAY FORTE,25.36,PERFUMARIA            
7891150040458,POM. BABY DOVE 90G,30.33,PERFUMARIA            
7891024035825,COLGATE ESCOVA DENTAL C/ 4 UNIDADES,17.73,PERFUMARIA            
7891035090059,POM. DERMODEX PREVENT 3 EM 1,25.49,PERFUMARIA            
7898946757255,CAIXA DE LUVA TALGE TAM. G,20.29,VAREJINHO             
7896020160175,TENYS PÉ JATO ACTION SECO,14.42,PERFUMARIA            
77941824,DES. DOVE ORIGINAL,13.41,PERFUMARIA            
7896020161738,TENYS PÉ SPORT EDITION,13.05,PERFUMARIA            
7500435124621,COND. PANTENE SUMMER,17.09,PERFUMARIA            
4005900163875,CREME NIVEA PERNAS RENOVADAS ANTICELULITE,27.98,PERFUMARIA            
7898361210014,BARBEADOR SUPERFIO TRIPLE POWER,3.22,PERFUMARIA            
070330731769,APAR. BIC SOLEIL C/2,17.27,PERFUMARIA            
7891010008147,PROTETOR SOLAR SUNDOWN FPS 50 120ML,32.25,PERFUMARIA            
7896018703599,SAB. HUGGIES CORPO E CABEÇA 200ML,9.02,PERFUMARIA            
7506339355161,COND. PANTENE SUMMER 200ML,9.37,PERFUMARIA            
7891010804626,CREME PARA PENTEAR JOHNSON'S BABY,10.12,PERFUMARIA            
7898095272890,SAB. LIQUIDO INTIMO BASIC+ CARE 200ML,10.35,PERFUMARIA            
7898172356017,MORUM C/120 CÁPS.,40.26,MEDICAMENTOS SIMILARES
742832964906,ARGILA BRANCA (MEDICINAL) PO,15.20,MEDICAMENTOS SIMILARES
7898583663018,US NUTRITION WHEY CONCENTRADA 90,132.12,VAREJINHO             
7898583663025,US NUTRITION WHEY CONCENTRADA 90,132.36,VAREJINHO             
7898937898950,BCAA SABOR LIMAO 2.1.1 150 g,42.19,VAREJINHO             
7898937898967,GLUTAMINA 150 G,42.33,VAREJINHO             
7898924640647,CURATIVO ADULTO 10UND BELLACOTTO,3.04,VAREJINHO             
7898925027188,ALCOOL GEL 70% ANTI-SEP. 500G PU,10.96,VAREJINHO             
7899706135856,PROTETOR SOLAR FPS 70 200ML,66.67,PERFUMARIA            
7891010880590,PROTEOR SUNDOWN FPS 30 220ML,35.19,PERFUMARIA            
7898949409823,CICATRICURE ANTIESTRIAS - 400G,33.17,PERFUMARIA            
7899026464391,DES. ROLLON BÍO MEN - MINERAL EXTREME ICE 72H,6.09,PERFUMARIA            
4005900149282,LOÇÃO NIVEA RELAX - SENTIDOS 400ML,17.17,PERFUMARIA            
4005900149299,LOÇÃO NIVEA SENSUAL - SENTIDOS 400ML,17.01,PERFUMARIA            
7898961106014,NON REPELENTE FAMILIA 100ML 10HR,46.08,MEDICAMENTOS SIMILARES
7899026445512,DES. AERO BÍ-O CLARIFY RENOV,14.01,PERFUMARIA            
7898587765756,DES. AERO BÍ-O CLARIFY AFINA,14.18,PERFUMARIA            
7896818205972,PINCEL P/ TINTURA,6.07,PERFUMARIA            
7896301203034,BUCHA VEGETAL FACE DUPLA,4.93,PERFUMARIA            
7898928974076,BUCHA VEGETAL DUPLA FACE,7.70,PERFUMARIA            
7899304808497,ESC. INFANTIL LOONEY TUNES,6.99,PERFUMARIA            
7899304808480,ESC. INFANTIL TURTLES,7.02,PERFUMARIA            
7896066765273,DIATT-CHOCOLATE - PASSAS AO RUN,6.09,MEDICAMENTOS SIMILARES
7896272309216,ABS.GERI.ADULTEX C16 UNIDADES,11.41,VAREJINHO             
7898951180628,ALCOOL 70% BALCAO 1 LITRO,10.07,VAREJINHO             
070330638341,ISQUEIRO BIC UNIDADE,3.62,VAREJINHO             
7898957180073,ALCOOL GEL LUAR 430 ML,12.17,VAREJINHO             
7898415442231,CASEX  GEL 25 GRAMAS,32.13,MEDICAMENTOS SIMILARES
7898638341137,REJUCAPS -HAIR C/ 60 CAPS,71.32,MEDICAMENTOS SIMILARES
7898638341304,REJUCAPS HOMEN C/ 60 CAPS,66.33,MEDICAMENTOS SIMILARES
7897018510026,PROTETOR OFTALMICO OFTAM GDE C/2,19.99,VAREJINHO             
7898924640098,ALGODAO EM DISCOS 50UND SACO BEL,6.21,VAREJINHO             
7898955522837,REP. EXPELIS ADULTO 100ML,32.47,PERFUMARIA            
7898955522844,REP. EXPELIS INFANTIL 100ML,32.16,PERFUMARIA            
7898639690524,APAR. DE PRESSÃO PREMIUM,136.08,VAREJINHO             
7897947611832,MEME CARE CREME 200 ML CIMED,70.17,MEDICAMENTOS SIMILARES
7896902203549,PASTA D AGUA 90GRS FARMAX,12.00,MEDICAMENTOS SIMILARES
7322540735550,FRALDA PANTS REGULAR P-M 7 UNID,25.16,VAREJINHO             
7898583662981,US NUTRITION WHEY ISOLADA,198.17,MEDICAMENTOS SIMILARES
7898937898974,CREATINA SABOR UVA 420g,58.27,MEDICAMENTOS SIMILARES
7898937898998,BCAA SABOR UVA 5.1.1 150 g,58.39,MEDICAMENTOS SIMILARES
7898583662950,ZMA,38.37,VAREJINHO             
7896084571726,PROTEIN -JUICE UVA 1 LITRO,18.40,MEDICAMENTOS SIMILARES
7896084571764,PROTEIN -JUICE ABACAXI  1 LITRO,18.08,MEDICAMENTOS SIMILARES
7896084571719,PROTEIN -JUICE UVA 200ML,5.42,MEDICAMENTOS SIMILARES
7896084571757,PROTEIN -JUICE ABACAXI 200ML,5.39,MEDICAMENTOS SIMILARES
7896084571177,ALBUMINA  MAXXI-MORANGO,48.12,MEDICAMENTOS SIMILARES
7896084571153,ALBUMINA  MAXXI-BAUNILHA,48.11,MEDICAMENTOS SIMILARES
7896084571160,ALBUMINA  MAXXI-CHOCOLATE,48.38,MEDICAMENTOS SIMILARES
7896084571108,CLARA DE OVO DESITRATADA 500 GRAMAS,47.98,MEDICAMENTOS SIMILARES
7898957192236,BASILICAO 15GR PMD / PARA SINTOM,35.26,
7897247306032,PALMILHA DRY PERFORMANCE SO PES,35.28,VAREJINHO             
7897247306049,PALMILHA DRY PERFORMANCE SO PES,35.44,VAREJINHO             
7897247304595,PALMILHA COMFORT GEL SO PES / Ta,48.01,VAREJINHO             
7897247304601,PALMILHA COMFORT GEL SO PES / Ta,48.21,VAREJINHO             
7891151037372,BALA RICLAN MY TOFFEE ZERO LACTO,6.62,VAREJINHO             
7891151037365,BALA RICLAN MY TOFFEE ZERO LACTO,6.67,VAREJINHO             
7891151036818,DROPS FREEGELLS VIT.C CITRUS 380,1.52,VAREJINHO             
382908327015,"PC. AGULHA BD 100+12,7+0,33",15.29,VAREJINHO             
7896311762484,DARKNESS MEGA PACK 30X270G INTEG,204.02,VAREJINHO             
7895144893747,MENTOS 3 CANELA,2.36,VAREJINHO             
7895144899947,MENTOS 3 FRESHMINT C/ 5UNIDADES,2.22,VAREJINHO             
7895144896502,MENTOS 3 MELANCIA  C / 5 UNIDADES,2.27,VAREJINHO             
7895144899930,MENTOS CHICLETE PURE FRUIT,2.24,VAREJINHO             
7895144892931,MENTOS 3 SPEARMINT,2.82,VAREJINHO             
7895144896496,MENTOS 3 TUTTI FRESH,2.99,VAREJINHO             
7895144294490,MENTOS POTE CHERRY,11.45,VAREJINHO             
78922334,MENTOS POTE WHITE MENTA,12.46,VAREJINHO             
78922310,MENTOS POTE WINTERGREEN,12.05,VAREJINHO             
7895144693040,MENTOS STICK FRUIT,2.22,VAREJINHO             
7895144693064,MENTOS STICK FRUTAS VERM,2.34,VAREJINHO             
7895144693088,MENTOS STICK MOR/IOGURTE,2.59,VAREJINHO             
7895144693149,MENTOS STICK RAINBOW DISP 16UN P,2.11,VAREJINHO             
7895144693224,MENTOS STICK TUTTI FRUTTI,2.25,VAREJINHO             
7895144853741,MENTOS 3 CANELA,2.18,VAREJINHO             
7895144859941,MENTOS 3 FRESHMINT,2.57,VAREJINHO             
7895144859934,MENTOS 3 MOR/MACA/FRAMB,2.16,VAREJINHO             
7895144852935,MENTOS 3 SPEARMINT,2.34,VAREJINHO             
7895144856490,MENTOS 3 TUTTI FRESH,2.19,VAREJINHO             
7895144204499,MENTOS POTE CHERRY,11.48,VAREJINHO             
7895144080130,MENTOS POTE WHITE MENTA,11.25,VAREJINHO             
7895144080123,MENTOS POTE WINTERGREEN,11.39,VAREJINHO             
7896262304467,MENTOS STICK FRUIT,2.37,VAREJINHO             
7898301055866,UMIDIFICA-GTECH,165.21,PERFUMARIA            
7898370423245,FD COCORICO  TAM-P C/ 28 UNIDADES,28.44,PERFUMARIA            
7898370423269,FD COCORICO  TAM-G C/ 20 UNIDADES,27.99,PERFUMARIA            
7500435118668,FD PAMPERS RN C/ 40 UNIDADES,35.27,PERFUMARIA            
7500435118675,FD PAMPERS RN C/ 38 UNIDADES,35.02,PERFUMARIA            
7898501590037,DERMAX 200 ML STEVIA,36.44,MEDICAMENTOS SIMILARES
7898648420259,MASC.FACIAL ACNEBILL,4.57,PERFUMARIA            
7898648420228,MAS. GEL SEBO DE CARNEIRO,5.18,PERFUMARIA            
7898172356000,MORUM CAPS C/ 60 UNIDADES,32.21,MEDICAMENTOS SIMILARES
7898572040059,AMORA  CAPS C/ 120 UNIDADES,42.23,MEDICAMENTOS SIMILARES
7898962309155,BCAA SABOR LIMAO 2.1.1 150 g,42.39,VAREJINHO             
7898962309148,BCAA SABOR NEUTRA 5.1.1 150 g,41.96,MEDICAMENTOS SIMILARES
7898286541729,SMILINGUIDO JUMBINHO M C/ 20 UNIDADES,12.77,PERFUMARIA            
7898286541736,SMILINGUIDO JUMBINHO G C/ 18 UNIDADES,12.88,PERFUMARIA            
7898286541743,SMILINGUIDO JUMBINHO EG C/ 14 UNIDADES,13.05,PERFUMARIA            
7898193070558,DRY ECONOMICS C/ 20 UNIDADES,13.14,PERFUMARIA            
7896902200623,MOSKITOFF REPELENTE AEROSSOL 165,25.38,MEDICAMENTOS SIMILARES
7896007540624,ABS INTIMUS TRIPLA  C/ ABAS,4.38,PERFUMARIA            
7891176111040,NEUTROX 100ML,4.31,PERFUMARIA            
7896000724526,CR. DE PENTEARV-NIELY GOLD-CHOCOLATE,11.87,PERFUMARIA            
7896000719430,CR. DE PENTEARV-NIELY GOLD-REC. PROFUNDA,11.62,PERFUMARIA            
7898322341177,KERATINA VITAMINADA 500 ML,18.17,PERFUMARIA            
7898939313185,KIT BOMBA,58.05,PERFUMARIA            
7891024171639,PALMOLIVE SH  MACIEZ PROLONGADA,9.11,PERFUMARIA            
7898949409809,CICATRICURE- CREME-  CORPORAL,28.18,PERFUMARIA            
041333001074,PILHA DURACELL AAA C/2UNIDADES,10.24,VAREJINHO             
7896331702743,SUPRAVIT C/ 60 CAPSULAS,30.13,MEDICAMENTOS SIMILARES
4015630064038,ACCU-ACTIVE- 50TIRAS,89.53,MEDICAMENTOS ETICOS   
7891024000175,FIO DENTAL COLGATE 40 METROS,7.60,PERFUMARIA            
7896426316657,CINTA MODEL.COTT.01.404.2 CHOC.T,85.13,PERFUMARIA            
7896426316640,CINTA MODEL.COTT.01.404.2 CHOC.T,85.48,PERFUMARIA            
7896426316664,CINTA MODELADORA 404 CHOCO FEM.G,85.25,PERFUMARIA            
7791293036045,DES. REXONA STAY FRESH,13.08,PERFUMARIA            
4005900111111,NIVEA-HIDRATANTE P/ BANHO-VANILLA &MEL,13.97,VAREJINHO             
7896094907157,CENOURA &BRONZE FPS 15,20.03,PERFUMARIA            
78907881,OLEO PAIXAO-SEDUTORA,13.14,PERFUMARIA            
7506306241152,DES. DOVE  DERMOCARE,15.46,PERFUMARIA            
7898483538577,MACA PERUANA -FEMME C/ 60 CAPS,46.04,MEDICAMENTOS SIMILARES
7898483538270,FOSFORO C/ 60 CAPS,32.26,MEDICAMENTOS SIMILARES
7898483533008,FERRO C/60 CAPS,32.18,MEDICAMENTOS SIMILARES
7898042152695,BUGROON C/ 60 CAPS,25.32,MEDICAMENTOS SIMILARES
7898126050152,CONFIRME -MASCULINO,65.16,VAREJINHO             
7896094906457,OLEO PAIXAO-ENVOLVENTE,14.19,PERFUMARIA            
78932586,CHICLETE ADAMS CEREJA+LARANJA E HORTELA,0.49,VAREJINHO             
7896007549542,ABS INTIMUS INTERNO MEDIO C/ APLICADOR,17.48,PERFUMARIA            
7896818245619,SABONETEIRA,5.00,VAREJINHO             
7897947614321,RESSAKA SOL FLAC 10ML,2.17,MEDICAMENTOS SIMILARES
7506078948051,DES BIO AERO MEN,13.36,PERFUMARIA            
4005808910328,DES NIVEA POWER,13.27,PERFUMARIA            
7506339315967,DES.OLD SPICE -PEGADOR 150 ML,13.09,PERFUMARIA            
7506309872513,DES.OLD SPICE -VIP 150ML,13.25,PERFUMARIA            
7506339315950,DES.OLD MATADOR-VIP 150ML,13.44,PERFUMARIA            
7896012802410,LENÇO UMEDECIDOS POM-POM,13.22,PERFUMARIA            
7899785201015,CC CREAM,25.25,MEDICAMENTOS ETICOS   
7899026437302,DES. BÍO CLARIFY ROLLON,6.06,PERFUMARIA            
7898940257256,ESCOV. DENTAL TIMES - CORINTHIANS,8.44,VAREJINHO             
7896033211765,MAMADEIRA LILLO 240 ML-PRIMEIRO PASSOS,33.00,PERFUMARIA            
7896033211772,MAMADEIRA LILLO 240 ML,33.44,PERFUMARIA            
7898958338015,BANANINHA SANTA BRANCA-C/ AÇUCAR,2.02,PERFUMARIA            
7898958338251,BANANINHA SANTA BRANCA-SEM AÇUCAR,2.93,PERFUMARIA            
7896033201964,CHUPETA LILLO-,13.98,PERFUMARIA            
7896033202879,CHUPETA LILLO-,18.10,PERFUMARIA            
7896381300432,CHUPETA PITUCA REF:815AZ,8.92,PERFUMARIA            
7896044960089,DES.GIONNA -BABY- ROLL-ON- LOVELY,7.10,PERFUMARIA            
7898274672251,CINTA ELAST.DILEPE-TAM GRANDE,92.12,PERFUMARIA            
7896381300661,CHUPETA PITUCA REF:980AZ,10.00,PERFUMARIA            
7898954589039,ABS. P / SEIOSAFFGIO C/ 12 UNIDADES,9.28,PERFUMARIA            
7898954589022,ABS. P / SEIOSAFFGIO C/ 24 UNIDADES,13.08,PERFUMARIA            
7898483533039,CALCIO C A / 60 CAPS,30.49,MEDICAMENTOS SIMILARES
7509552903096,DES BIO MINERAL,13.05,PERFUMARIA            
7506078971981,DES BIO DRY CARE,13.30,PERFUMARIA            
7898422751746,SAB. LIQUIDO -DOVE,10.31,PERFUMARIA            
7898960950229,FITA CIRURGICA MICROPOROSA 50X5M,16.24,VAREJINHO             
7898322240036,BALA GENGIBRE MISTO 10 UNIDADES,3.80,MEDICAMENTOS SIMILARES
7897512900491,MANT CACAU BATOM ZIN-ZIN,3.94,VAREJINHO             
7898926211104,SUPLA Z 600MG PAGUE 100 LEVE 130,46.13,MEDICAMENTOS SIMILARES
7897512901597,(x)MANT CACAU ROLL ON DISPLAY 20,66.12,VAREJINHO             
7891772150719,BARRA KOBBER-FRUTAS,2.12,MEDICAMENTOS SIMILARES
7891772150726,BARRA KOBBER-DAMASCO-AMEIXA,2.20,MEDICAMENTOS SIMILARES
7891772150733,BARRA KOBBER-MANGA -GOIABA,2.07,MEDICAMENTOS SIMILARES
7891772150863,BARRA KOBBER-TRADICIONAL,2.26,MEDICAMENTOS SIMILARES
7891772150870,BARRA KOBBER-CASTANHA DO PARA,2.49,MEDICAMENTOS SIMILARES
7891772150887,BARRA KOBBER-CACAU E CAJU,2.55,MEDICAMENTOS SIMILARES
7891772153550,BARRA KOBBER-TORTA DE BANAN C/ CHOCOLATE,2.12,MEDICAMENTOS SIMILARES
7891772153567,BARRA KOBBER-LASCAS DE COCO/CHOCOLATE,1.85,MEDICAMENTOS SIMILARES
7891772153574,BARRA KOBBER-MOUSE DE LIMAO/COCO E CHOCOLATE,1.73,MEDICAMENTOS SIMILARES
7891772153581,BARRA KOBBER-BROUNIE/CHOCOLATE,2.07,MEDICAMENTOS SIMILARES
7891772154137,BARRA KOBBER-NUTS AMENDOA-DAMASCO,3.29,MEDICAMENTOS SIMILARES
7891772154144,BARRA KOBBER-NUTS -AMENDOA/ CRANBERRY,3.50,MEDICAMENTOS SIMILARES
7891772154151,BARRA KOBBER-NUTS AMENDOA-UVAS  PASSAS,3.10,MEDICAMENTOS SIMILARES
7891772154298,BARRA KOBBER-PROTEIN MOUSE DE MORANGO,4.62,MEDICAMENTOS SIMILARES
7891772154304,BARRA KOBBER-PROTEIN COOKIES&CREAM,4.77,MEDICAMENTOS SIMILARES
7891772154281,BARRA KOBBER-PROTEIN CHOLOLATE BROWNIE,4.49,MEDICAMENTOS SIMILARES
7891772155257,BARRA KOBBER-LIGHT MORANGO/IOGURTEE CHOC/ BRANCO,2.21,MEDICAMENTOS SIMILARES
7891772155271,BARRA KOBBER- LIGHT MORANGO/CHOC./CRAMBERRY,2.13,MEDICAMENTOS SIMILARES
7891772155264,BARRA KOBBER- ZERO-BANANA/QUINOA E CHIA,2.39,MEDICAMENTOS SIMILARES
7891772155301,BARRA KOBBER-CAST. /CHIA/LINH. E CHOCO,2.13,MEDICAMENTOS SIMILARES
7891772157022,BARRA KOBBER-TAPIOCA,1.94,MEDICAMENTOS SIMILARES
7891772157046,BARRA KOBBER-TAPIOCA DOCE DE LEITE,2.02,MEDICAMENTOS SIMILARES
7891772157015,BARRA KOBBER-TAPIOCA DOCE DE LEITE,1.62,MEDICAMENTOS SIMILARES
7891772157039,BARRA KOBBER-TAPIOCA CHOCOLATE,2.03,MEDICAMENTOS SIMILARES
7898277711186,PRÓ CÁLCIO D3-OSTRAS 500MG C/30 CAPS,30.13,MEDICAMENTOS SIMILARES
7702018913664,GILLETTE CLEAR GEL COOL WAVE 82G,20.38,PERFUMARIA            
7896369162052,AGUA MICELAR-HIDRAMAR,20.19,PERFUMARIA            
7896369162021,AGUA MICELAR-HIDRAMAR,10.27,PERFUMARIA            
7896902201682,(x)HIDRATANTE LABIAL FPS 30 NEUT,15.23,PERFUMARIA            
7896902205987,(x)PROTETOR LABIAL SUNLESS FPS15,15.45,PERFUMARIA            
7898943181046,FD GERI. VIVA MIX C/ 40 UNIDADES,52.97,VAREJINHO             
7898943181053,FD GERI. VIVA MIX C/ 40 UNIDADES,53.29,VAREJINHO             
7898943181060,FD GERI. VIVA MIX C/ 40 UNIDADES,48.06,VAREJINHO             
7896902214842,ANTISSEPTICO TOPICO-SPRAY,13.98,MEDICAMENTOS SIMILARES
7898283814314,COMPRESSAS DE GAZES C/ 10 UNIDADES,1.56,VAREJINHO             
7896540780723,APAR. CARDIO LIFE,145.07,VAREJINHO             
7898959897108,TOALHAS TURMA DO SONINHO C/ 100 UNIDADES,13.56,VAREJINHO             
7998926513113,CLORETO DE MAGNESIO 60 CAPS PA 5,29.42,MEDICAMENTOS SIMILARES
7998926513168,MACA PERUANA 500MG 60 CAPSULAS -,36.16,MEDICAMENTOS SIMILARES
7998926513175,TRIBULUS TERRESTRIS 500MG 60 CAP,37.01,MEDICAMENTOS SIMILARES
7998926200099,CLORETO MAGNESIO SACHES C/ 1 UNIDADES,7.40,MEDICAMENTOS SIMILARES
7998926200075,HIBISCO FRUTAS VERMELHAS SOLUVEL,27.38,MEDICAMENTOS SIMILARES
7998926200068,CHA VERDE SOLUVEL LIMA LIMAO 250,28.45,MEDICAMENTOS SIMILARES
7998926200051,CHA VERDE SOLUVEL NATURAL 250G -,28.34,MEDICAMENTOS SIMILARES
7998926200013,MATCHA LIMA LIMAO SOLUVEL 250G -,29.16,MEDICAMENTOS SIMILARES
7998126200004,VITA BELT DETOX CHA MISTO SOL. 2,36.37,MEDICAMENTOS SIMILARES
7998926200006,VITA BELT LIMALIMAO MISTO SOLUVE,35.99,MEDICAMENTOS SIMILARES
4005808570928,HIDRA. NIVEA,20.32,PERFUMARIA            
4005808189625,SAB NIVEA 150ML CONTROLE DE BRILHO,17.74,PERFUMARIA            
0742832304719,DIPIRONA 500MG C/10 CPR GREEN FARMA,5.42,MEDICAMENTOS SIMILARES
7896436900150,MICRO NEBULIZADOR INF OXIGENIO V,16.38,VAREJINHO             
7898488470032,"C.GAZE 7,5 X 7,5 13F N.EST.",39.29,VAREJINHO             
7898488470384,COMPRESSAS DE GAZES HIDROFILA HERIKA 13 FIOS,1.85,VAREJINHO             
7891060969771,ALICATE MUNDIAL,8.45,PERFUMARIA            
7891024030820,CR.DENTAL COLGATE LUMINOS WHITE,6.84,PERFUMARIA            
7898031314530,CRE. PES E MAOS ( SEBO DECARNERO ),12.58,PERFUMARIA            
7898947389714,CURATIVOS BELLACOTTON C/ 25 UNIDADES,4.33,PERFUMARIA            
7897512900873,MEL BISNAGA  280 GRAMAS,28.46,VAREJINHO             
7896007201396,PRESERV BLOWTEX SKYN SELECTION C,26.30,VAREJINHO             
7898941402310,STRONG MASSA 3KG,65.07,VAREJINHO             
7898483532988,MAGNESIO QUELATO C/ 60 CAPSULAS,37.43,MEDICAMENTOS SIMILARES
7898582680313,SALITESTE teste de HIV/SEVERAL,96.31,MEDICAMENTOS SIMILARES
7898937123724,EXTRAT. PROLPOLIS -SPRAY,9.50,VAREJINHO             
7898937123847,EXTRAT. PROLPOLIS -SPRAY,9.10,VAREJINHO             
7898937123717,EXTRAT. PROLPOLIS -SPRAY,9.42,VAREJINHO             
7898937123663,BISNAGA DE MEL E PROPOLIS,13.01,VAREJINHO             
7898937123670,BISNAGA DE MEL E PROPOLIS,12.61,VAREJINHO             
7898937123687,BISNAGA DE MEL E PROPOLIS,12.90,VAREJINHO             
7898937123595,BISNAGA DE MEL E PROPOLIS,12.94,VAREJINHO             
7898937123649,BISNAGA DE MEL E PROPOLIS,12.80,VAREJINHO             
7898937123694,BISNAGA DE MEL E PROPOLIS,12.94,VAREJINHO             
